rest_key,rest_coop,reporting_day,daypart_name,daypart_description,daypart_sales,daypart_transaction_qty,Weekday
1364,SEA/TCA WA CP-0024,2011-01-01,AFTER 4PM,4PM - Close,1627.39,248,Saturday
1364,SEA/TCA WA CP-0024,2011-01-01,AFTERNOON,2PM - 4PM,736.38,103,Saturday
1364,SEA/TCA WA CP-0024,2011-01-01,BREAKFAST,Open - 10:30AM (11AM weekend),646.95,104,Saturday
1364,SEA/TCA WA CP-0024,2011-01-01,DINNER,4PM - 9PM,1375.57,207,Saturday
1364,SEA/TCA WA CP-0024,2011-01-01,EVENING,9PM - Close,251.82,41,Saturday
1364,SEA/TCA WA CP-0024,2011-01-01,LATE NIGHT,11PM - 5AM,0.0,0,Saturday
1364,SEA/TCA WA CP-0024,2011-01-01,LUNCH,11AM -  2PM,937.46,133,Saturday
1364,SEA/TCA WA CP-0024,2011-01-01,MORNING,Open - 11AM,646.95,104,Saturday
1364,SEA/TCA WA CP-0024,2011-01-01,REGULAR MENU,10:30AM (11AM weekend) - Close,3301.23,484,Saturday
1364,SEA/TCA WA CP-0024,2011-01-01,TOTAL DAY,All hours,3948.18,588,Saturday
1364,SEA/TCA WA CP-0024,2011-01-02,AFTER 4PM,4PM - Close,1368.46,218,Sunday
1364,SEA/TCA WA CP-0024,2011-01-02,AFTERNOON,2PM - 4PM,806.7,114,Sunday
1364,SEA/TCA WA CP-0024,2011-01-02,BREAKFAST,Open - 10:30AM (11AM weekend),878.0,156,Sunday
1364,SEA/TCA WA CP-0024,2011-01-02,DINNER,4PM - 9PM,997.89,167,Sunday
1364,SEA/TCA WA CP-0024,2011-01-02,EVENING,9PM - Close,370.57,51,Sunday
1364,SEA/TCA WA CP-0024,2011-01-02,LATE NIGHT,11PM - 5AM,0.0,0,Sunday
1364,SEA/TCA WA CP-0024,2011-01-02,LUNCH,11AM -  2PM,968.71,149,Sunday
1364,SEA/TCA WA CP-0024,2011-01-02,MORNING,Open - 11AM,878.0,156,Sunday
1364,SEA/TCA WA CP-0024,2011-01-02,REGULAR MENU,10:30AM (11AM weekend) - Close,3143.87,481,Sunday
1364,SEA/TCA WA CP-0024,2011-01-02,TOTAL DAY,All hours,4021.87,637,Sunday
1364,SEA/TCA WA CP-0024,2011-01-03,AFTER 4PM,4PM - Close,1438.61,235,Monday
1364,SEA/TCA WA CP-0024,2011-01-03,AFTERNOON,2PM - 4PM,575.47,110,Monday
1364,SEA/TCA WA CP-0024,2011-01-03,BREAKFAST,Open - 10:30AM (11AM weekend),852.11,202,Monday
1364,SEA/TCA WA CP-0024,2011-01-03,DINNER,4PM - 9PM,1193.01,194,Monday
1364,SEA/TCA WA CP-0024,2011-01-03,EVENING,9PM - Close,245.6,41,Monday
1364,SEA/TCA WA CP-0024,2011-01-03,LATE NIGHT,11PM - 5AM,7.37,1,Monday
1364,SEA/TCA WA CP-0024,2011-01-03,LUNCH,11AM -  2PM,957.52,188,Monday
1364,SEA/TCA WA CP-0024,2011-01-03,MORNING,Open - 11AM,934.7,222,Monday
1364,SEA/TCA WA CP-0024,2011-01-03,REGULAR MENU,10:30AM (11AM weekend) - Close,3054.19,553,Monday
1364,SEA/TCA WA CP-0024,2011-01-03,TOTAL DAY,All hours,3906.3,755,Monday
1364,SEA/TCA WA CP-0024,2011-01-04,AFTER 4PM,4PM - Close,1434.5,250,Tuesday
1364,SEA/TCA WA CP-0024,2011-01-04,AFTERNOON,2PM - 4PM,513.59,102,Tuesday
1364,SEA/TCA WA CP-0024,2011-01-04,BREAKFAST,Open - 10:30AM (11AM weekend),869.71,203,Tuesday
1364,SEA/TCA WA CP-0024,2011-01-04,DINNER,4PM - 9PM,1221.94,213,Tuesday
1364,SEA/TCA WA CP-0024,2011-01-04,EVENING,9PM - Close,212.56,37,Tuesday
1364,SEA/TCA WA CP-0024,2011-01-04,LATE NIGHT,11PM - 5AM,0.0,0,Tuesday
1364,SEA/TCA WA CP-0024,2011-01-04,LUNCH,11AM -  2PM,1057.58,171,Tuesday
1364,SEA/TCA WA CP-0024,2011-01-04,MORNING,Open - 11AM,942.18,217,Tuesday
1364,SEA/TCA WA CP-0024,2011-01-04,REGULAR MENU,10:30AM (11AM weekend) - Close,3078.14,537,Tuesday
1364,SEA/TCA WA CP-0024,2011-01-04,TOTAL DAY,All hours,3947.85,740,Tuesday
1364,SEA/TCA WA CP-0024,2011-01-05,AFTER 4PM,4PM - Close,1543.23,269,Wednesday
1364,SEA/TCA WA CP-0024,2011-01-05,AFTERNOON,2PM - 4PM,593.44,116,Wednesday
1364,SEA/TCA WA CP-0024,2011-01-05,BREAKFAST,Open - 10:30AM (11AM weekend),848.08,215,Wednesday
1364,SEA/TCA WA CP-0024,2011-01-05,DINNER,4PM - 9PM,1345.81,235,Wednesday
1364,SEA/TCA WA CP-0024,2011-01-05,EVENING,9PM - Close,197.42,34,Wednesday
1364,SEA/TCA WA CP-0024,2011-01-05,LATE NIGHT,11PM - 5AM,0.0,0,Wednesday
1364,SEA/TCA WA CP-0024,2011-01-05,LUNCH,11AM -  2PM,944.91,174,Wednesday
1364,SEA/TCA WA CP-0024,2011-01-05,MORNING,Open - 11AM,899.27,225,Wednesday
1364,SEA/TCA WA CP-0024,2011-01-05,REGULAR MENU,10:30AM (11AM weekend) - Close,3132.77,569,Wednesday
1364,SEA/TCA WA CP-0024,2011-01-05,TOTAL DAY,All hours,3980.85,784,Wednesday
1364,SEA/TCA WA CP-0024,2011-01-06,AFTER 4PM,4PM - Close,1885.31,289,Thursday
1364,SEA/TCA WA CP-0024,2011-01-06,AFTERNOON,2PM - 4PM,602.6,104,Thursday
1364,SEA/TCA WA CP-0024,2011-01-06,BREAKFAST,Open - 10:30AM (11AM weekend),959.26,224,Thursday
1364,SEA/TCA WA CP-0024,2011-01-06,DINNER,4PM - 9PM,1591.47,248,Thursday
1364,SEA/TCA WA CP-0024,2011-01-06,EVENING,9PM - Close,293.84,41,Thursday
1364,SEA/TCA WA CP-0024,2011-01-06,LATE NIGHT,11PM - 5AM,0.0,0,Thursday
1364,SEA/TCA WA CP-0024,2011-01-06,LUNCH,11AM -  2PM,922.97,164,Thursday
1364,SEA/TCA WA CP-0024,2011-01-06,MORNING,Open - 11AM,1050.4,242,Thursday
1364,SEA/TCA WA CP-0024,2011-01-06,REGULAR MENU,10:30AM (11AM weekend) - Close,3502.02,575,Thursday
1364,SEA/TCA WA CP-0024,2011-01-06,TOTAL DAY,All hours,4461.28,799,Thursday
1364,SEA/TCA WA CP-0024,2011-01-07,AFTER 4PM,4PM - Close,2084.13,316,Friday
1364,SEA/TCA WA CP-0024,2011-01-07,AFTERNOON,2PM - 4PM,745.88,124,Friday
1364,SEA/TCA WA CP-0024,2011-01-07,BREAKFAST,Open - 10:30AM (11AM weekend),975.27,243,Friday
1364,SEA/TCA WA CP-0024,2011-01-07,DINNER,4PM - 9PM,1659.6,246,Friday
1364,SEA/TCA WA CP-0024,2011-01-07,EVENING,9PM - Close,424.53,70,Friday
1364,SEA/TCA WA CP-0024,2011-01-07,LATE NIGHT,11PM - 5AM,162.32,23,Friday
1364,SEA/TCA WA CP-0024,2011-01-07,LUNCH,11AM -  2PM,945.13,174,Friday
1364,SEA/TCA WA CP-0024,2011-01-07,MORNING,Open - 11AM,1047.24,253,Friday
1364,SEA/TCA WA CP-0024,2011-01-07,REGULAR MENU,10:30AM (11AM weekend) - Close,3847.11,624,Friday
1364,SEA/TCA WA CP-0024,2011-01-07,TOTAL DAY,All hours,4822.38,867,Friday
1364,SEA/TCA WA CP-0024,2011-01-08,AFTER 4PM,4PM - Close,1481.14,245,Saturday
1364,SEA/TCA WA CP-0024,2011-01-08,AFTERNOON,2PM - 4PM,545.35,88,Saturday
1364,SEA/TCA WA CP-0024,2011-01-08,BREAKFAST,Open - 10:30AM (11AM weekend),1320.01,230,Saturday
1364,SEA/TCA WA CP-0024,2011-01-08,DINNER,4PM - 9PM,1028.63,172,Saturday
1364,SEA/TCA WA CP-0024,2011-01-08,EVENING,9PM - Close,452.51,73,Saturday
1364,SEA/TCA WA CP-0024,2011-01-08,LATE NIGHT,11PM - 5AM,82.43,17,Saturday
1364,SEA/TCA WA CP-0024,2011-01-08,LUNCH,11AM -  2PM,1140.59,186,Saturday
1364,SEA/TCA WA CP-0024,2011-01-08,MORNING,Open - 11AM,1320.01,230,Saturday
1364,SEA/TCA WA CP-0024,2011-01-08,REGULAR MENU,10:30AM (11AM weekend) - Close,3167.08,519,Saturday
1364,SEA/TCA WA CP-0024,2011-01-08,TOTAL DAY,All hours,4487.09,749,Saturday
1364,SEA/TCA WA CP-0024,2011-01-09,AFTER 4PM,4PM - Close,399.18,62,Sunday
1364,SEA/TCA WA CP-0024,2011-01-09,AFTERNOON,2PM - 4PM,540.33,89,Sunday
1364,SEA/TCA WA CP-0024,2011-01-09,BREAKFAST,Open - 10:30AM (11AM weekend),1092.68,187,Sunday
1364,SEA/TCA WA CP-0024,2011-01-09,DINNER,4PM - 9PM,399.18,62,Sunday
1364,SEA/TCA WA CP-0024,2011-01-09,EVENING,9PM - Close,0.0,0,Sunday
1364,SEA/TCA WA CP-0024,2011-01-09,LATE NIGHT,11PM - 5AM,0.0,0,Sunday
1364,SEA/TCA WA CP-0024,2011-01-09,LUNCH,11AM -  2PM,1049.47,161,Sunday
1364,SEA/TCA WA CP-0024,2011-01-09,MORNING,Open - 11AM,1092.68,187,Sunday
1364,SEA/TCA WA CP-0024,2011-01-09,REGULAR MENU,10:30AM (11AM weekend) - Close,1988.98,312,Sunday
1364,SEA/TCA WA CP-0024,2011-01-09,TOTAL DAY,All hours,3081.66,499,Sunday
1364,SEA/TCA WA CP-0024,2011-01-10,AFTER 4PM,4PM - Close,1484.11,243,Monday
1364,SEA/TCA WA CP-0024,2011-01-10,AFTERNOON,2PM - 4PM,576.4,116,Monday
1364,SEA/TCA WA CP-0024,2011-01-10,BREAKFAST,Open - 10:30AM (11AM weekend),773.59,184,Monday
1364,SEA/TCA WA CP-0024,2011-01-10,DINNER,4PM - 9PM,1213.78,199,Monday
1364,SEA/TCA WA CP-0024,2011-01-10,EVENING,9PM - Close,270.33,44,Monday
1364,SEA/TCA WA CP-0024,2011-01-10,LATE NIGHT,11PM - 5AM,9.14,5,Monday
1364,SEA/TCA WA CP-0024,2011-01-10,LUNCH,11AM -  2PM,876.75,175,Monday
1364,SEA/TCA WA CP-0024,2011-01-10,MORNING,Open - 11AM,861.39,202,Monday
1364,SEA/TCA WA CP-0024,2011-01-10,REGULAR MENU,10:30AM (11AM weekend) - Close,3025.06,552,Monday
1364,SEA/TCA WA CP-0024,2011-01-10,TOTAL DAY,All hours,3798.65,736,Monday
1364,SEA/TCA WA CP-0024,2011-01-11,AFTER 4PM,4PM - Close,1227.54,203,Tuesday
1364,SEA/TCA WA CP-0024,2011-01-11,AFTERNOON,2PM - 4PM,704.03,125,Tuesday
1364,SEA/TCA WA CP-0024,2011-01-11,BREAKFAST,Open - 10:30AM (11AM weekend),842.4,202,Tuesday
1364,SEA/TCA WA CP-0024,2011-01-11,DINNER,4PM - 9PM,1137.92,189,Tuesday
1364,SEA/TCA WA CP-0024,2011-01-11,EVENING,9PM - Close,89.62,14,Tuesday
1364,SEA/TCA WA CP-0024,2011-01-11,LATE NIGHT,11PM - 5AM,0.0,0,Tuesday
1364,SEA/TCA WA CP-0024,2011-01-11,LUNCH,11AM -  2PM,1180.79,205,Tuesday
1364,SEA/TCA WA CP-0024,2011-01-11,MORNING,Open - 11AM,915.4,220,Tuesday
1364,SEA/TCA WA CP-0024,2011-01-11,REGULAR MENU,10:30AM (11AM weekend) - Close,3185.36,551,Tuesday
1364,SEA/TCA WA CP-0024,2011-01-11,TOTAL DAY,All hours,4027.76,753,Tuesday
1364,SEA/TCA WA CP-0024,2011-01-12,AFTER 4PM,4PM - Close,1469.53,257,Wednesday
1364,SEA/TCA WA CP-0024,2011-01-12,AFTERNOON,2PM - 4PM,556.08,98,Wednesday
1364,SEA/TCA WA CP-0024,2011-01-12,BREAKFAST,Open - 10:30AM (11AM weekend),712.28,161,Wednesday
1364,SEA/TCA WA CP-0024,2011-01-12,DINNER,4PM - 9PM,1289.15,220,Wednesday
1364,SEA/TCA WA CP-0024,2011-01-12,EVENING,9PM - Close,180.38,37,Wednesday
1364,SEA/TCA WA CP-0024,2011-01-12,LATE NIGHT,11PM - 5AM,7.28,1,Wednesday
1364,SEA/TCA WA CP-0024,2011-01-12,LUNCH,11AM -  2PM,916.38,163,Wednesday
1364,SEA/TCA WA CP-0024,2011-01-12,MORNING,Open - 11AM,809.05,179,Wednesday
1364,SEA/TCA WA CP-0024,2011-01-12,REGULAR MENU,10:30AM (11AM weekend) - Close,3038.76,536,Wednesday
1364,SEA/TCA WA CP-0024,2011-01-12,TOTAL DAY,All hours,3751.04,697,Wednesday
1364,SEA/TCA WA CP-0024,2011-01-13,AFTER 4PM,4PM - Close,1835.94,293,Thursday
1364,SEA/TCA WA CP-0024,2011-01-13,AFTERNOON,2PM - 4PM,494.0,92,Thursday
1364,SEA/TCA WA CP-0024,2011-01-13,BREAKFAST,Open - 10:30AM (11AM weekend),859.65,199,Thursday
1364,SEA/TCA WA CP-0024,2011-01-13,DINNER,4PM - 9PM,1416.48,232,Thursday
1364,SEA/TCA WA CP-0024,2011-01-13,EVENING,9PM - Close,419.46,61,Thursday
1364,SEA/TCA WA CP-0024,2011-01-13,LATE NIGHT,11PM - 5AM,0.0,0,Thursday
1364,SEA/TCA WA CP-0024,2011-01-13,LUNCH,11AM -  2PM,1047.7,191,Thursday
1364,SEA/TCA WA CP-0024,2011-01-13,MORNING,Open - 11AM,922.45,212,Thursday
1364,SEA/TCA WA CP-0024,2011-01-13,REGULAR MENU,10:30AM (11AM weekend) - Close,3440.44,589,Thursday
1364,SEA/TCA WA CP-0024,2011-01-13,TOTAL DAY,All hours,4300.09,788,Thursday
1364,SEA/TCA WA CP-0024,2011-01-14,AFTER 4PM,4PM - Close,2238.06,333,Friday
1364,SEA/TCA WA CP-0024,2011-01-14,AFTERNOON,2PM - 4PM,620.64,114,Friday
1364,SEA/TCA WA CP-0024,2011-01-14,BREAKFAST,Open - 10:30AM (11AM weekend),882.29,223,Friday
1364,SEA/TCA WA CP-0024,2011-01-14,DINNER,4PM - 9PM,1799.0,258,Friday
1364,SEA/TCA WA CP-0024,2011-01-14,EVENING,9PM - Close,439.06,75,Friday
1364,SEA/TCA WA CP-0024,2011-01-14,LATE NIGHT,11PM - 5AM,81.16,17,Friday
1364,SEA/TCA WA CP-0024,2011-01-14,LUNCH,11AM -  2PM,1127.94,207,Friday
1364,SEA/TCA WA CP-0024,2011-01-14,MORNING,Open - 11AM,945.0,241,Friday
1364,SEA/TCA WA CP-0024,2011-01-14,REGULAR MENU,10:30AM (11AM weekend) - Close,4049.35,672,Friday
1364,SEA/TCA WA CP-0024,2011-01-14,TOTAL DAY,All hours,4931.64,895,Friday
1364,SEA/TCA WA CP-0024,2011-01-15,AFTER 4PM,4PM - Close,1512.77,245,Saturday
1364,SEA/TCA WA CP-0024,2011-01-15,AFTERNOON,2PM - 4PM,733.82,106,Saturday
1364,SEA/TCA WA CP-0024,2011-01-15,BREAKFAST,Open - 10:30AM (11AM weekend),1177.26,226,Saturday
1364,SEA/TCA WA CP-0024,2011-01-15,DINNER,4PM - 9PM,1076.49,181,Saturday
1364,SEA/TCA WA CP-0024,2011-01-15,EVENING,9PM - Close,436.28,64,Saturday
1364,SEA/TCA WA CP-0024,2011-01-15,LATE NIGHT,11PM - 5AM,179.75,24,Saturday
1364,SEA/TCA WA CP-0024,2011-01-15,LUNCH,11AM -  2PM,1267.9,183,Saturday
1364,SEA/TCA WA CP-0024,2011-01-15,MORNING,Open - 11AM,1177.26,226,Saturday
1364,SEA/TCA WA CP-0024,2011-01-15,REGULAR MENU,10:30AM (11AM weekend) - Close,3514.49,534,Saturday
1364,SEA/TCA WA CP-0024,2011-01-15,TOTAL DAY,All hours,4691.75,760,Saturday
1364,SEA/TCA WA CP-0024,2011-01-16,AFTER 4PM,4PM - Close,1164.53,202,Sunday
1364,SEA/TCA WA CP-0024,2011-01-16,AFTERNOON,2PM - 4PM,560.55,85,Sunday
1364,SEA/TCA WA CP-0024,2011-01-16,BREAKFAST,Open - 10:30AM (11AM weekend),1086.44,188,Sunday
1364,SEA/TCA WA CP-0024,2011-01-16,DINNER,4PM - 9PM,1000.46,173,Sunday
1364,SEA/TCA WA CP-0024,2011-01-16,EVENING,9PM - Close,164.07,29,Sunday
1364,SEA/TCA WA CP-0024,2011-01-16,LATE NIGHT,11PM - 5AM,0.0,0,Sunday
1364,SEA/TCA WA CP-0024,2011-01-16,LUNCH,11AM -  2PM,796.27,116,Sunday
1364,SEA/TCA WA CP-0024,2011-01-16,MORNING,Open - 11AM,1086.44,188,Sunday
1364,SEA/TCA WA CP-0024,2011-01-16,REGULAR MENU,10:30AM (11AM weekend) - Close,2521.35,403,Sunday
1364,SEA/TCA WA CP-0024,2011-01-16,TOTAL DAY,All hours,3607.79,591,Sunday
1364,SEA/TCA WA CP-0024,2011-01-17,AFTER 4PM,4PM - Close,1375.82,228,Monday
1364,SEA/TCA WA CP-0024,2011-01-17,AFTERNOON,2PM - 4PM,630.43,102,Monday
1364,SEA/TCA WA CP-0024,2011-01-17,BREAKFAST,Open - 10:30AM (11AM weekend),614.44,154,Monday
1364,SEA/TCA WA CP-0024,2011-01-17,DINNER,4PM - 9PM,1069.5,178,Monday
1364,SEA/TCA WA CP-0024,2011-01-17,EVENING,9PM - Close,306.32,50,Monday
1364,SEA/TCA WA CP-0024,2011-01-17,LATE NIGHT,11PM - 5AM,0.0,0,Monday
1364,SEA/TCA WA CP-0024,2011-01-17,LUNCH,11AM -  2PM,1096.77,159,Monday
1364,SEA/TCA WA CP-0024,2011-01-17,MORNING,Open - 11AM,694.61,170,Monday
1364,SEA/TCA WA CP-0024,2011-01-17,REGULAR MENU,10:30AM (11AM weekend) - Close,3183.19,505,Monday
1364,SEA/TCA WA CP-0024,2011-01-17,TOTAL DAY,All hours,3797.63,659,Monday
1364,SEA/TCA WA CP-0024,2011-01-18,AFTER 4PM,4PM - Close,1468.26,258,Tuesday
1364,SEA/TCA WA CP-0024,2011-01-18,AFTERNOON,2PM - 4PM,491.91,98,Tuesday
1364,SEA/TCA WA CP-0024,2011-01-18,BREAKFAST,Open - 10:30AM (11AM weekend),858.79,213,Tuesday
1364,SEA/TCA WA CP-0024,2011-01-18,DINNER,4PM - 9PM,1179.18,206,Tuesday
1364,SEA/TCA WA CP-0024,2011-01-18,EVENING,9PM - Close,289.08,52,Tuesday
1364,SEA/TCA WA CP-0024,2011-01-18,LATE NIGHT,11PM - 5AM,0.0,0,Tuesday
1364,SEA/TCA WA CP-0024,2011-01-18,LUNCH,11AM -  2PM,1112.72,195,Tuesday
1364,SEA/TCA WA CP-0024,2011-01-18,MORNING,Open - 11AM,910.26,223,Tuesday
1364,SEA/TCA WA CP-0024,2011-01-18,REGULAR MENU,10:30AM (11AM weekend) - Close,3124.36,561,Tuesday
1364,SEA/TCA WA CP-0024,2011-01-18,TOTAL DAY,All hours,3983.15,774,Tuesday
1364,SEA/TCA WA CP-0024,2011-01-19,AFTER 4PM,4PM - Close,1425.06,239,Wednesday
1364,SEA/TCA WA CP-0024,2011-01-19,AFTERNOON,2PM - 4PM,349.63,78,Wednesday
1364,SEA/TCA WA CP-0024,2011-01-19,BREAKFAST,Open - 10:30AM (11AM weekend),751.23,206,Wednesday
1364,SEA/TCA WA CP-0024,2011-01-19,DINNER,4PM - 9PM,1229.11,201,Wednesday
1364,SEA/TCA WA CP-0024,2011-01-19,EVENING,9PM - Close,195.95,38,Wednesday
1364,SEA/TCA WA CP-0024,2011-01-19,LATE NIGHT,11PM - 5AM,0.0,0,Wednesday
1364,SEA/TCA WA CP-0024,2011-01-19,LUNCH,11AM -  2PM,1053.68,188,Wednesday
1364,SEA/TCA WA CP-0024,2011-01-19,MORNING,Open - 11AM,801.47,218,Wednesday
1364,SEA/TCA WA CP-0024,2011-01-19,REGULAR MENU,10:30AM (11AM weekend) - Close,2878.61,517,Wednesday
1364,SEA/TCA WA CP-0024,2011-01-19,TOTAL DAY,All hours,3629.84,723,Wednesday
1364,SEA/TCA WA CP-0024,2011-01-20,AFTER 4PM,4PM - Close,1969.06,298,Thursday
1364,SEA/TCA WA CP-0024,2011-01-20,AFTERNOON,2PM - 4PM,573.26,109,Thursday
1364,SEA/TCA WA CP-0024,2011-01-20,BREAKFAST,Open - 10:30AM (11AM weekend),863.76,203,Thursday
1364,SEA/TCA WA CP-0024,2011-01-20,DINNER,4PM - 9PM,1644.58,252,Thursday
1364,SEA/TCA WA CP-0024,2011-01-20,EVENING,9PM - Close,324.48,46,Thursday
1364,SEA/TCA WA CP-0024,2011-01-20,LATE NIGHT,11PM - 5AM,0.0,0,Thursday
1364,SEA/TCA WA CP-0024,2011-01-20,LUNCH,11AM -  2PM,1066.9,203,Thursday
1364,SEA/TCA WA CP-0024,2011-01-20,MORNING,Open - 11AM,927.07,216,Thursday
1364,SEA/TCA WA CP-0024,2011-01-20,REGULAR MENU,10:30AM (11AM weekend) - Close,3672.53,623,Thursday
1364,SEA/TCA WA CP-0024,2011-01-20,TOTAL DAY,All hours,4536.29,826,Thursday
1364,SEA/TCA WA CP-0024,2011-01-21,AFTER 4PM,4PM - Close,2108.98,328,Friday
1364,SEA/TCA WA CP-0024,2011-01-21,AFTERNOON,2PM - 4PM,470.35,94,Friday
1364,SEA/TCA WA CP-0024,2011-01-21,BREAKFAST,Open - 10:30AM (11AM weekend),931.56,212,Friday
1364,SEA/TCA WA CP-0024,2011-01-21,DINNER,4PM - 9PM,1640.37,250,Friday
1364,SEA/TCA WA CP-0024,2011-01-21,EVENING,9PM - Close,468.61,78,Friday
1364,SEA/TCA WA CP-0024,2011-01-21,LATE NIGHT,11PM - 5AM,96.72,16,Friday
1364,SEA/TCA WA CP-0024,2011-01-21,LUNCH,11AM -  2PM,1003.99,177,Friday
1364,SEA/TCA WA CP-0024,2011-01-21,MORNING,Open - 11AM,1016.71,228,Friday
1364,SEA/TCA WA CP-0024,2011-01-21,REGULAR MENU,10:30AM (11AM weekend) - Close,3668.47,615,Friday
1364,SEA/TCA WA CP-0024,2011-01-21,TOTAL DAY,All hours,4600.03,827,Friday
1364,SEA/TCA WA CP-0024,2011-01-22,AFTER 4PM,4PM - Close,1557.73,258,Saturday
1364,SEA/TCA WA CP-0024,2011-01-22,AFTERNOON,2PM - 4PM,638.57,114,Saturday
1364,SEA/TCA WA CP-0024,2011-01-22,BREAKFAST,Open - 10:30AM (11AM weekend),1296.18,235,Saturday
1364,SEA/TCA WA CP-0024,2011-01-22,DINNER,4PM - 9PM,1147.57,187,Saturday
1364,SEA/TCA WA CP-0024,2011-01-22,EVENING,9PM - Close,410.16,71,Saturday
1364,SEA/TCA WA CP-0024,2011-01-22,LATE NIGHT,11PM - 5AM,119.46,22,Saturday
1364,SEA/TCA WA CP-0024,2011-01-22,LUNCH,11AM -  2PM,1092.3,183,Saturday
1364,SEA/TCA WA CP-0024,2011-01-22,MORNING,Open - 11AM,1296.18,235,Saturday
1364,SEA/TCA WA CP-0024,2011-01-22,REGULAR MENU,10:30AM (11AM weekend) - Close,3288.6,555,Saturday
1364,SEA/TCA WA CP-0024,2011-01-22,TOTAL DAY,All hours,4584.78,790,Saturday
1364,SEA/TCA WA CP-0024,2011-01-23,AFTER 4PM,4PM - Close,1224.3,191,Sunday
1364,SEA/TCA WA CP-0024,2011-01-23,AFTERNOON,2PM - 4PM,464.76,75,Sunday
1364,SEA/TCA WA CP-0024,2011-01-23,BREAKFAST,Open - 10:30AM (11AM weekend),1062.01,186,Sunday
1364,SEA/TCA WA CP-0024,2011-01-23,DINNER,4PM - 9PM,1064.67,166,Sunday
1364,SEA/TCA WA CP-0024,2011-01-23,EVENING,9PM - Close,159.63,25,Sunday
1364,SEA/TCA WA CP-0024,2011-01-23,LATE NIGHT,11PM - 5AM,0.0,0,Sunday
1364,SEA/TCA WA CP-0024,2011-01-23,LUNCH,11AM -  2PM,975.76,148,Sunday
1364,SEA/TCA WA CP-0024,2011-01-23,MORNING,Open - 11AM,1062.01,186,Sunday
1364,SEA/TCA WA CP-0024,2011-01-23,REGULAR MENU,10:30AM (11AM weekend) - Close,2664.82,414,Sunday
1364,SEA/TCA WA CP-0024,2011-01-23,TOTAL DAY,All hours,3726.83,600,Sunday
1364,SEA/TCA WA CP-0024,2011-01-24,AFTER 4PM,4PM - Close,1447.63,241,Monday
1364,SEA/TCA WA CP-0024,2011-01-24,AFTERNOON,2PM - 4PM,429.25,92,Monday
1364,SEA/TCA WA CP-0024,2011-01-24,BREAKFAST,Open - 10:30AM (11AM weekend),620.11,169,Monday
1364,SEA/TCA WA CP-0024,2011-01-24,DINNER,4PM - 9PM,1259.43,205,Monday
1364,SEA/TCA WA CP-0024,2011-01-24,EVENING,9PM - Close,188.2,36,Monday
1364,SEA/TCA WA CP-0024,2011-01-24,LATE NIGHT,11PM - 5AM,0.0,0,Monday
1364,SEA/TCA WA CP-0024,2011-01-24,LUNCH,11AM -  2PM,999.85,183,Monday
1364,SEA/TCA WA CP-0024,2011-01-24,MORNING,Open - 11AM,670.65,185,Monday
1364,SEA/TCA WA CP-0024,2011-01-24,REGULAR MENU,10:30AM (11AM weekend) - Close,2927.27,532,Monday
1364,SEA/TCA WA CP-0024,2011-01-24,TOTAL DAY,All hours,3547.38,701,Monday
1364,SEA/TCA WA CP-0024,2011-01-25,AFTER 4PM,4PM - Close,1673.08,261,Tuesday
1364,SEA/TCA WA CP-0024,2011-01-25,AFTERNOON,2PM - 4PM,507.44,97,Tuesday
1364,SEA/TCA WA CP-0024,2011-01-25,BREAKFAST,Open - 10:30AM (11AM weekend),789.37,197,Tuesday
1364,SEA/TCA WA CP-0024,2011-01-25,DINNER,4PM - 9PM,1352.67,212,Tuesday
1364,SEA/TCA WA CP-0024,2011-01-25,EVENING,9PM - Close,320.41,49,Tuesday
1364,SEA/TCA WA CP-0024,2011-01-25,LATE NIGHT,11PM - 5AM,0.0,0,Tuesday
1364,SEA/TCA WA CP-0024,2011-01-25,LUNCH,11AM -  2PM,1154.13,192,Tuesday
1364,SEA/TCA WA CP-0024,2011-01-25,MORNING,Open - 11AM,884.36,212,Tuesday
1364,SEA/TCA WA CP-0024,2011-01-25,REGULAR MENU,10:30AM (11AM weekend) - Close,3429.64,565,Tuesday
1364,SEA/TCA WA CP-0024,2011-01-25,TOTAL DAY,All hours,4219.01,762,Tuesday
1364,SEA/TCA WA CP-0024,2011-01-26,AFTER 4PM,4PM - Close,1585.21,272,Wednesday
1364,SEA/TCA WA CP-0024,2011-01-26,AFTERNOON,2PM - 4PM,545.37,104,Wednesday
1364,SEA/TCA WA CP-0024,2011-01-26,BREAKFAST,Open - 10:30AM (11AM weekend),837.84,222,Wednesday
1364,SEA/TCA WA CP-0024,2011-01-26,DINNER,4PM - 9PM,1357.89,230,Wednesday
1364,SEA/TCA WA CP-0024,2011-01-26,EVENING,9PM - Close,227.32,42,Wednesday
1364,SEA/TCA WA CP-0024,2011-01-26,LATE NIGHT,11PM - 5AM,0.0,0,Wednesday
1364,SEA/TCA WA CP-0024,2011-01-26,LUNCH,11AM -  2PM,893.14,168,Wednesday
1364,SEA/TCA WA CP-0024,2011-01-26,MORNING,Open - 11AM,882.82,229,Wednesday
1364,SEA/TCA WA CP-0024,2011-01-26,REGULAR MENU,10:30AM (11AM weekend) - Close,3068.7,551,Wednesday
1364,SEA/TCA WA CP-0024,2011-01-26,TOTAL DAY,All hours,3906.54,773,Wednesday
1364,SEA/TCA WA CP-0024,2011-01-27,AFTER 4PM,4PM - Close,1888.17,294,Thursday
1364,SEA/TCA WA CP-0024,2011-01-27,AFTERNOON,2PM - 4PM,488.05,109,Thursday
1364,SEA/TCA WA CP-0024,2011-01-27,BREAKFAST,Open - 10:30AM (11AM weekend),896.09,200,Thursday
1364,SEA/TCA WA CP-0024,2011-01-27,DINNER,4PM - 9PM,1570.14,241,Thursday
1364,SEA/TCA WA CP-0024,2011-01-27,EVENING,9PM - Close,318.03,53,Thursday
1364,SEA/TCA WA CP-0024,2011-01-27,LATE NIGHT,11PM - 5AM,0.0,0,Thursday
1364,SEA/TCA WA CP-0024,2011-01-27,LUNCH,11AM -  2PM,970.09,200,Thursday
1364,SEA/TCA WA CP-0024,2011-01-27,MORNING,Open - 11AM,987.85,220,Thursday
1364,SEA/TCA WA CP-0024,2011-01-27,REGULAR MENU,10:30AM (11AM weekend) - Close,3438.07,623,Thursday
1364,SEA/TCA WA CP-0024,2011-01-27,TOTAL DAY,All hours,4334.16,823,Thursday
1364,SEA/TCA WA CP-0024,2011-01-28,AFTER 4PM,4PM - Close,1972.98,307,Friday
1364,SEA/TCA WA CP-0024,2011-01-28,AFTERNOON,2PM - 4PM,547.82,99,Friday
1364,SEA/TCA WA CP-0024,2011-01-28,BREAKFAST,Open - 10:30AM (11AM weekend),1076.66,211,Friday
1364,SEA/TCA WA CP-0024,2011-01-28,DINNER,4PM - 9PM,1444.54,233,Friday
1364,SEA/TCA WA CP-0024,2011-01-28,EVENING,9PM - Close,528.44,74,Friday
1364,SEA/TCA WA CP-0024,2011-01-28,LATE NIGHT,11PM - 5AM,116.67,19,Friday
1364,SEA/TCA WA CP-0024,2011-01-28,LUNCH,11AM -  2PM,1310.25,208,Friday
1364,SEA/TCA WA CP-0024,2011-01-28,MORNING,Open - 11AM,1169.44,223,Friday
1364,SEA/TCA WA CP-0024,2011-01-28,REGULAR MENU,10:30AM (11AM weekend) - Close,3923.83,626,Friday
1364,SEA/TCA WA CP-0024,2011-01-28,TOTAL DAY,All hours,5000.49,837,Friday
1364,SEA/TCA WA CP-0024,2011-01-29,AFTER 4PM,4PM - Close,1625.29,271,Saturday
1364,SEA/TCA WA CP-0024,2011-01-29,AFTERNOON,2PM - 4PM,675.65,111,Saturday
1364,SEA/TCA WA CP-0024,2011-01-29,BREAKFAST,Open - 10:30AM (11AM weekend),1341.87,240,Saturday
1364,SEA/TCA WA CP-0024,2011-01-29,DINNER,4PM - 9PM,1197.31,192,Saturday
1364,SEA/TCA WA CP-0024,2011-01-29,EVENING,9PM - Close,427.98,79,Saturday
1364,SEA/TCA WA CP-0024,2011-01-29,LATE NIGHT,11PM - 5AM,112.74,17,Saturday
1364,SEA/TCA WA CP-0024,2011-01-29,LUNCH,11AM -  2PM,1266.83,188,Saturday
1364,SEA/TCA WA CP-0024,2011-01-29,MORNING,Open - 11AM,1341.87,240,Saturday
1364,SEA/TCA WA CP-0024,2011-01-29,REGULAR MENU,10:30AM (11AM weekend) - Close,3567.77,570,Saturday
1364,SEA/TCA WA CP-0024,2011-01-29,TOTAL DAY,All hours,4909.64,810,Saturday
1364,SEA/TCA WA CP-0024,2011-01-30,AFTER 4PM,4PM - Close,1363.83,214,Sunday
1364,SEA/TCA WA CP-0024,2011-01-30,AFTERNOON,2PM - 4PM,483.01,81,Sunday
1364,SEA/TCA WA CP-0024,2011-01-30,BREAKFAST,Open - 10:30AM (11AM weekend),932.04,167,Sunday
1364,SEA/TCA WA CP-0024,2011-01-30,DINNER,4PM - 9PM,1184.41,180,Sunday
1364,SEA/TCA WA CP-0024,2011-01-30,EVENING,9PM - Close,179.42,34,Sunday
1364,SEA/TCA WA CP-0024,2011-01-30,LATE NIGHT,11PM - 5AM,0.0,0,Sunday
1364,SEA/TCA WA CP-0024,2011-01-30,LUNCH,11AM -  2PM,1051.98,163,Sunday
1364,SEA/TCA WA CP-0024,2011-01-30,MORNING,Open - 11AM,932.04,167,Sunday
1364,SEA/TCA WA CP-0024,2011-01-30,REGULAR MENU,10:30AM (11AM weekend) - Close,2898.82,458,Sunday
1364,SEA/TCA WA CP-0024,2011-01-30,TOTAL DAY,All hours,3830.86,625,Sunday
1364,SEA/TCA WA CP-0024,2011-01-31,AFTER 4PM,4PM - Close,1372.74,244,Monday
1364,SEA/TCA WA CP-0024,2011-01-31,AFTERNOON,2PM - 4PM,579.19,121,Monday
1364,SEA/TCA WA CP-0024,2011-01-31,BREAKFAST,Open - 10:30AM (11AM weekend),849.08,197,Monday
1364,SEA/TCA WA CP-0024,2011-01-31,DINNER,4PM - 9PM,1189.29,210,Monday
1364,SEA/TCA WA CP-0024,2011-01-31,EVENING,9PM - Close,183.45,34,Monday
1364,SEA/TCA WA CP-0024,2011-01-31,LATE NIGHT,11PM - 5AM,6.76,1,Monday
1364,SEA/TCA WA CP-0024,2011-01-31,LUNCH,11AM -  2PM,777.23,160,Monday
1364,SEA/TCA WA CP-0024,2011-01-31,MORNING,Open - 11AM,923.07,208,Monday
1364,SEA/TCA WA CP-0024,2011-01-31,REGULAR MENU,10:30AM (11AM weekend) - Close,2803.15,536,Monday
1364,SEA/TCA WA CP-0024,2011-01-31,TOTAL DAY,All hours,3652.23,733,Monday
5357,SEA/TCA WA CP-0024,2011-01-01,AFTER 4PM,4PM - Close,718.7,107,Saturday
5357,SEA/TCA WA CP-0024,2011-01-01,AFTERNOON,2PM - 4PM,411.4,47,Saturday
5357,SEA/TCA WA CP-0024,2011-01-01,BREAKFAST,Open - 10:30AM (11AM weekend),227.51,39,Saturday
5357,SEA/TCA WA CP-0024,2011-01-01,DINNER,4PM - 9PM,620.17,91,Saturday
5357,SEA/TCA WA CP-0024,2011-01-01,EVENING,9PM - Close,98.53,16,Saturday
5357,SEA/TCA WA CP-0024,2011-01-01,LATE NIGHT,11PM - 5AM,0.0,0,Saturday
5357,SEA/TCA WA CP-0024,2011-01-01,LUNCH,11AM -  2PM,495.62,83,Saturday
5357,SEA/TCA WA CP-0024,2011-01-01,MORNING,Open - 11AM,227.51,39,Saturday
5357,SEA/TCA WA CP-0024,2011-01-01,REGULAR MENU,10:30AM (11AM weekend) - Close,1625.72,237,Saturday
5357,SEA/TCA WA CP-0024,2011-01-01,TOTAL DAY,All hours,1853.23,276,Saturday
5357,SEA/TCA WA CP-0024,2011-01-02,AFTER 4PM,4PM - Close,1160.33,163,Sunday
5357,SEA/TCA WA CP-0024,2011-01-02,AFTERNOON,2PM - 4PM,649.32,91,Sunday
5357,SEA/TCA WA CP-0024,2011-01-02,BREAKFAST,Open - 10:30AM (11AM weekend),690.5,118,Sunday
5357,SEA/TCA WA CP-0024,2011-01-02,DINNER,4PM - 9PM,719.99,102,Sunday
5357,SEA/TCA WA CP-0024,2011-01-02,EVENING,9PM - Close,440.34,61,Sunday
5357,SEA/TCA WA CP-0024,2011-01-02,LATE NIGHT,11PM - 5AM,0.0,0,Sunday
5357,SEA/TCA WA CP-0024,2011-01-02,LUNCH,11AM -  2PM,658.24,103,Sunday
5357,SEA/TCA WA CP-0024,2011-01-02,MORNING,Open - 11AM,690.5,118,Sunday
5357,SEA/TCA WA CP-0024,2011-01-02,REGULAR MENU,10:30AM (11AM weekend) - Close,2467.89,357,Sunday
5357,SEA/TCA WA CP-0024,2011-01-02,TOTAL DAY,All hours,3158.39,475,Sunday
5357,SEA/TCA WA CP-0024,2011-01-03,AFTER 4PM,4PM - Close,862.49,162,Monday
5357,SEA/TCA WA CP-0024,2011-01-03,AFTERNOON,2PM - 4PM,659.53,118,Monday
5357,SEA/TCA WA CP-0024,2011-01-03,BREAKFAST,Open - 10:30AM (11AM weekend),1211.01,304,Monday
5357,SEA/TCA WA CP-0024,2011-01-03,DINNER,4PM - 9PM,760.81,141,Monday
5357,SEA/TCA WA CP-0024,2011-01-03,EVENING,9PM - Close,101.68,21,Monday
5357,SEA/TCA WA CP-0024,2011-01-03,LATE NIGHT,11PM - 5AM,0.0,0,Monday
5357,SEA/TCA WA CP-0024,2011-01-03,LUNCH,11AM -  2PM,1893.54,322,Monday
5357,SEA/TCA WA CP-0024,2011-01-03,MORNING,Open - 11AM,1344.36,329,Monday
5357,SEA/TCA WA CP-0024,2011-01-03,REGULAR MENU,10:30AM (11AM weekend) - Close,3548.91,627,Monday
5357,SEA/TCA WA CP-0024,2011-01-03,TOTAL DAY,All hours,4759.92,931,Monday
5357,SEA/TCA WA CP-0024,2011-01-04,AFTER 4PM,4PM - Close,1055.0,186,Tuesday
5357,SEA/TCA WA CP-0024,2011-01-04,AFTERNOON,2PM - 4PM,665.84,128,Tuesday
5357,SEA/TCA WA CP-0024,2011-01-04,BREAKFAST,Open - 10:30AM (11AM weekend),1355.3,319,Tuesday
5357,SEA/TCA WA CP-0024,2011-01-04,DINNER,4PM - 9PM,880.07,155,Tuesday
5357,SEA/TCA WA CP-0024,2011-01-04,EVENING,9PM - Close,174.93,31,Tuesday
5357,SEA/TCA WA CP-0024,2011-01-04,LATE NIGHT,11PM - 5AM,8.95,1,Tuesday
5357,SEA/TCA WA CP-0024,2011-01-04,LUNCH,11AM -  2PM,1674.43,312,Tuesday
5357,SEA/TCA WA CP-0024,2011-01-04,MORNING,Open - 11AM,1529.06,356,Tuesday
5357,SEA/TCA WA CP-0024,2011-01-04,REGULAR MENU,10:30AM (11AM weekend) - Close,3569.03,663,Tuesday
5357,SEA/TCA WA CP-0024,2011-01-04,TOTAL DAY,All hours,4924.33,982,Tuesday
5357,SEA/TCA WA CP-0024,2011-01-05,AFTER 4PM,4PM - Close,1220.43,209,Wednesday
5357,SEA/TCA WA CP-0024,2011-01-05,AFTERNOON,2PM - 4PM,496.32,103,Wednesday
5357,SEA/TCA WA CP-0024,2011-01-05,BREAKFAST,Open - 10:30AM (11AM weekend),1348.5,320,Wednesday
5357,SEA/TCA WA CP-0024,2011-01-05,DINNER,4PM - 9PM,1018.04,177,Wednesday
5357,SEA/TCA WA CP-0024,2011-01-05,EVENING,9PM - Close,202.39,32,Wednesday
5357,SEA/TCA WA CP-0024,2011-01-05,LATE NIGHT,11PM - 5AM,0.0,0,Wednesday
5357,SEA/TCA WA CP-0024,2011-01-05,LUNCH,11AM -  2PM,1869.43,334,Wednesday
5357,SEA/TCA WA CP-0024,2011-01-05,MORNING,Open - 11AM,1512.33,353,Wednesday
5357,SEA/TCA WA CP-0024,2011-01-05,REGULAR MENU,10:30AM (11AM weekend) - Close,3750.01,679,Wednesday
5357,SEA/TCA WA CP-0024,2011-01-05,TOTAL DAY,All hours,5098.51,999,Wednesday
5357,SEA/TCA WA CP-0024,2011-01-06,AFTER 4PM,4PM - Close,1172.75,220,Thursday
5357,SEA/TCA WA CP-0024,2011-01-06,AFTERNOON,2PM - 4PM,497.26,107,Thursday
5357,SEA/TCA WA CP-0024,2011-01-06,BREAKFAST,Open - 10:30AM (11AM weekend),1477.78,333,Thursday
5357,SEA/TCA WA CP-0024,2011-01-06,DINNER,4PM - 9PM,925.94,172,Thursday
5357,SEA/TCA WA CP-0024,2011-01-06,EVENING,9PM - Close,246.81,48,Thursday
5357,SEA/TCA WA CP-0024,2011-01-06,LATE NIGHT,11PM - 5AM,0.0,0,Thursday
5357,SEA/TCA WA CP-0024,2011-01-06,LUNCH,11AM -  2PM,1972.52,354,Thursday
5357,SEA/TCA WA CP-0024,2011-01-06,MORNING,Open - 11AM,1635.47,368,Thursday
5357,SEA/TCA WA CP-0024,2011-01-06,REGULAR MENU,10:30AM (11AM weekend) - Close,3800.22,716,Thursday
5357,SEA/TCA WA CP-0024,2011-01-06,TOTAL DAY,All hours,5278.0,1049,Thursday
5357,SEA/TCA WA CP-0024,2011-01-07,AFTER 4PM,4PM - Close,1283.67,201,Friday
5357,SEA/TCA WA CP-0024,2011-01-07,AFTERNOON,2PM - 4PM,550.71,117,Friday
5357,SEA/TCA WA CP-0024,2011-01-07,BREAKFAST,Open - 10:30AM (11AM weekend),1542.86,360,Friday
5357,SEA/TCA WA CP-0024,2011-01-07,DINNER,4PM - 9PM,954.22,156,Friday
5357,SEA/TCA WA CP-0024,2011-01-07,EVENING,9PM - Close,329.45,45,Friday
5357,SEA/TCA WA CP-0024,2011-01-07,LATE NIGHT,11PM - 5AM,0.0,0,Friday
5357,SEA/TCA WA CP-0024,2011-01-07,LUNCH,11AM -  2PM,2038.39,340,Friday
5357,SEA/TCA WA CP-0024,2011-01-07,MORNING,Open - 11AM,1718.2,397,Friday
5357,SEA/TCA WA CP-0024,2011-01-07,REGULAR MENU,10:30AM (11AM weekend) - Close,4048.11,695,Friday
5357,SEA/TCA WA CP-0024,2011-01-07,TOTAL DAY,All hours,5590.97,1055,Friday
5357,SEA/TCA WA CP-0024,2011-01-08,AFTER 4PM,4PM - Close,1058.7,176,Saturday
5357,SEA/TCA WA CP-0024,2011-01-08,AFTERNOON,2PM - 4PM,451.74,82,Saturday
5357,SEA/TCA WA CP-0024,2011-01-08,BREAKFAST,Open - 10:30AM (11AM weekend),1442.38,282,Saturday
5357,SEA/TCA WA CP-0024,2011-01-08,DINNER,4PM - 9PM,922.4,153,Saturday
5357,SEA/TCA WA CP-0024,2011-01-08,EVENING,9PM - Close,136.3,23,Saturday
5357,SEA/TCA WA CP-0024,2011-01-08,LATE NIGHT,11PM - 5AM,0.0,0,Saturday
5357,SEA/TCA WA CP-0024,2011-01-08,LUNCH,11AM -  2PM,1087.7,165,Saturday
5357,SEA/TCA WA CP-0024,2011-01-08,MORNING,Open - 11AM,1442.38,282,Saturday
5357,SEA/TCA WA CP-0024,2011-01-08,REGULAR MENU,10:30AM (11AM weekend) - Close,2598.14,423,Saturday
5357,SEA/TCA WA CP-0024,2011-01-08,TOTAL DAY,All hours,4040.52,705,Saturday
5357,SEA/TCA WA CP-0024,2011-01-09,AFTER 4PM,4PM - Close,662.02,109,Sunday
5357,SEA/TCA WA CP-0024,2011-01-09,AFTERNOON,2PM - 4PM,329.46,71,Sunday
5357,SEA/TCA WA CP-0024,2011-01-09,BREAKFAST,Open - 10:30AM (11AM weekend),707.75,128,Sunday
5357,SEA/TCA WA CP-0024,2011-01-09,DINNER,4PM - 9PM,568.83,90,Sunday
5357,SEA/TCA WA CP-0024,2011-01-09,EVENING,9PM - Close,93.19,19,Sunday
5357,SEA/TCA WA CP-0024,2011-01-09,LATE NIGHT,11PM - 5AM,0.0,0,Sunday
5357,SEA/TCA WA CP-0024,2011-01-09,LUNCH,11AM -  2PM,865.32,143,Sunday
5357,SEA/TCA WA CP-0024,2011-01-09,MORNING,Open - 11AM,707.75,128,Sunday
5357,SEA/TCA WA CP-0024,2011-01-09,REGULAR MENU,10:30AM (11AM weekend) - Close,1856.8,323,Sunday
5357,SEA/TCA WA CP-0024,2011-01-09,TOTAL DAY,All hours,2564.55,451,Sunday
5357,SEA/TCA WA CP-0024,2011-01-10,AFTER 4PM,4PM - Close,980.2,196,Monday
5357,SEA/TCA WA CP-0024,2011-01-10,AFTERNOON,2PM - 4PM,490.3,92,Monday
5357,SEA/TCA WA CP-0024,2011-01-10,BREAKFAST,Open - 10:30AM (11AM weekend),1292.94,312,Monday
5357,SEA/TCA WA CP-0024,2011-01-10,DINNER,4PM - 9PM,791.12,155,Monday
5357,SEA/TCA WA CP-0024,2011-01-10,EVENING,9PM - Close,189.08,41,Monday
5357,SEA/TCA WA CP-0024,2011-01-10,LATE NIGHT,11PM - 5AM,0.0,0,Monday
5357,SEA/TCA WA CP-0024,2011-01-10,LUNCH,11AM -  2PM,1804.18,344,Monday
5357,SEA/TCA WA CP-0024,2011-01-10,MORNING,Open - 11AM,1413.92,339,Monday
5357,SEA/TCA WA CP-0024,2011-01-10,REGULAR MENU,10:30AM (11AM weekend) - Close,3395.66,659,Monday
5357,SEA/TCA WA CP-0024,2011-01-10,TOTAL DAY,All hours,4688.6,971,Monday
5357,SEA/TCA WA CP-0024,2011-01-11,AFTER 4PM,4PM - Close,1001.63,177,Tuesday
5357,SEA/TCA WA CP-0024,2011-01-11,AFTERNOON,2PM - 4PM,738.83,141,Tuesday
5357,SEA/TCA WA CP-0024,2011-01-11,BREAKFAST,Open - 10:30AM (11AM weekend),1406.5,338,Tuesday
5357,SEA/TCA WA CP-0024,2011-01-11,DINNER,4PM - 9PM,893.37,159,Tuesday
5357,SEA/TCA WA CP-0024,2011-01-11,EVENING,9PM - Close,108.26,18,Tuesday
5357,SEA/TCA WA CP-0024,2011-01-11,LATE NIGHT,11PM - 5AM,0.0,0,Tuesday
5357,SEA/TCA WA CP-0024,2011-01-11,LUNCH,11AM -  2PM,1697.55,325,Tuesday
5357,SEA/TCA WA CP-0024,2011-01-11,MORNING,Open - 11AM,1652.72,388,Tuesday
5357,SEA/TCA WA CP-0024,2011-01-11,REGULAR MENU,10:30AM (11AM weekend) - Close,3684.23,693,Tuesday
5357,SEA/TCA WA CP-0024,2011-01-11,TOTAL DAY,All hours,5090.73,1031,Tuesday
5357,SEA/TCA WA CP-0024,2011-01-12,AFTER 4PM,4PM - Close,1054.96,190,Wednesday
5357,SEA/TCA WA CP-0024,2011-01-12,AFTERNOON,2PM - 4PM,495.91,93,Wednesday
5357,SEA/TCA WA CP-0024,2011-01-12,BREAKFAST,Open - 10:30AM (11AM weekend),1569.66,345,Wednesday
5357,SEA/TCA WA CP-0024,2011-01-12,DINNER,4PM - 9PM,873.39,156,Wednesday
5357,SEA/TCA WA CP-0024,2011-01-12,EVENING,9PM - Close,181.57,34,Wednesday
5357,SEA/TCA WA CP-0024,2011-01-12,LATE NIGHT,11PM - 5AM,12.78,1,Wednesday
5357,SEA/TCA WA CP-0024,2011-01-12,LUNCH,11AM -  2PM,1853.74,322,Wednesday
5357,SEA/TCA WA CP-0024,2011-01-12,MORNING,Open - 11AM,1659.28,370,Wednesday
5357,SEA/TCA WA CP-0024,2011-01-12,REGULAR MENU,10:30AM (11AM weekend) - Close,3494.23,630,Wednesday
5357,SEA/TCA WA CP-0024,2011-01-12,TOTAL DAY,All hours,5063.89,975,Wednesday
5357,SEA/TCA WA CP-0024,2011-01-13,AFTER 4PM,4PM - Close,1404.76,239,Thursday
5357,SEA/TCA WA CP-0024,2011-01-13,AFTERNOON,2PM - 4PM,500.26,115,Thursday
5357,SEA/TCA WA CP-0024,2011-01-13,BREAKFAST,Open - 10:30AM (11AM weekend),1417.3,334,Thursday
5357,SEA/TCA WA CP-0024,2011-01-13,DINNER,4PM - 9PM,1059.0,183,Thursday
5357,SEA/TCA WA CP-0024,2011-01-13,EVENING,9PM - Close,345.76,56,Thursday
5357,SEA/TCA WA CP-0024,2011-01-13,LATE NIGHT,11PM - 5AM,1.0,1,Thursday
5357,SEA/TCA WA CP-0024,2011-01-13,LUNCH,11AM -  2PM,1907.84,338,Thursday
5357,SEA/TCA WA CP-0024,2011-01-13,MORNING,Open - 11AM,1560.95,363,Thursday
5357,SEA/TCA WA CP-0024,2011-01-13,REGULAR MENU,10:30AM (11AM weekend) - Close,3956.51,721,Thursday
5357,SEA/TCA WA CP-0024,2011-01-13,TOTAL DAY,All hours,5373.81,1055,Thursday
5357,SEA/TCA WA CP-0024,2011-01-14,AFTER 4PM,4PM - Close,1289.86,212,Friday
5357,SEA/TCA WA CP-0024,2011-01-14,AFTERNOON,2PM - 4PM,572.84,124,Friday
5357,SEA/TCA WA CP-0024,2011-01-14,BREAKFAST,Open - 10:30AM (11AM weekend),1636.49,367,Friday
5357,SEA/TCA WA CP-0024,2011-01-14,DINNER,4PM - 9PM,1041.61,170,Friday
5357,SEA/TCA WA CP-0024,2011-01-14,EVENING,9PM - Close,248.25,42,Friday
5357,SEA/TCA WA CP-0024,2011-01-14,LATE NIGHT,11PM - 5AM,17.48,3,Friday
5357,SEA/TCA WA CP-0024,2011-01-14,LUNCH,11AM -  2PM,2024.14,364,Friday
5357,SEA/TCA WA CP-0024,2011-01-14,MORNING,Open - 11AM,1802.85,397,Friday
5357,SEA/TCA WA CP-0024,2011-01-14,REGULAR MENU,10:30AM (11AM weekend) - Close,4053.2,730,Friday
5357,SEA/TCA WA CP-0024,2011-01-14,TOTAL DAY,All hours,5689.69,1097,Friday
5357,SEA/TCA WA CP-0024,2011-01-15,AFTER 4PM,4PM - Close,972.96,160,Saturday
5357,SEA/TCA WA CP-0024,2011-01-15,AFTERNOON,2PM - 4PM,517.63,88,Saturday
5357,SEA/TCA WA CP-0024,2011-01-15,BREAKFAST,Open - 10:30AM (11AM weekend),1180.13,233,Saturday
5357,SEA/TCA WA CP-0024,2011-01-15,DINNER,4PM - 9PM,751.21,116,Saturday
5357,SEA/TCA WA CP-0024,2011-01-15,EVENING,9PM - Close,221.75,44,Saturday
5357,SEA/TCA WA CP-0024,2011-01-15,LATE NIGHT,11PM - 5AM,1.09,1,Saturday
5357,SEA/TCA WA CP-0024,2011-01-15,LUNCH,11AM -  2PM,1059.23,168,Saturday
5357,SEA/TCA WA CP-0024,2011-01-15,MORNING,Open - 11AM,1180.13,233,Saturday
5357,SEA/TCA WA CP-0024,2011-01-15,REGULAR MENU,10:30AM (11AM weekend) - Close,2549.82,416,Saturday
5357,SEA/TCA WA CP-0024,2011-01-15,TOTAL DAY,All hours,3729.95,649,Saturday
5357,SEA/TCA WA CP-0024,2011-01-16,AFTER 4PM,4PM - Close,827.95,127,Sunday
5357,SEA/TCA WA CP-0024,2011-01-16,AFTERNOON,2PM - 4PM,373.95,64,Sunday
5357,SEA/TCA WA CP-0024,2011-01-16,BREAKFAST,Open - 10:30AM (11AM weekend),697.35,128,Sunday
5357,SEA/TCA WA CP-0024,2011-01-16,DINNER,4PM - 9PM,749.42,110,Sunday
5357,SEA/TCA WA CP-0024,2011-01-16,EVENING,9PM - Close,78.53,17,Sunday
5357,SEA/TCA WA CP-0024,2011-01-16,LATE NIGHT,11PM - 5AM,0.0,0,Sunday
5357,SEA/TCA WA CP-0024,2011-01-16,LUNCH,11AM -  2PM,773.59,117,Sunday
5357,SEA/TCA WA CP-0024,2011-01-16,MORNING,Open - 11AM,697.35,128,Sunday
5357,SEA/TCA WA CP-0024,2011-01-16,REGULAR MENU,10:30AM (11AM weekend) - Close,1975.49,308,Sunday
5357,SEA/TCA WA CP-0024,2011-01-16,TOTAL DAY,All hours,2672.84,436,Sunday
5357,SEA/TCA WA CP-0024,2011-01-17,AFTER 4PM,4PM - Close,823.09,148,Monday
5357,SEA/TCA WA CP-0024,2011-01-17,AFTERNOON,2PM - 4PM,723.48,122,Monday
5357,SEA/TCA WA CP-0024,2011-01-17,BREAKFAST,Open - 10:30AM (11AM weekend),1115.04,253,Monday
5357,SEA/TCA WA CP-0024,2011-01-17,DINNER,4PM - 9PM,669.29,115,Monday
5357,SEA/TCA WA CP-0024,2011-01-17,EVENING,9PM - Close,153.8,33,Monday
5357,SEA/TCA WA CP-0024,2011-01-17,LATE NIGHT,11PM - 5AM,0.0,0,Monday
5357,SEA/TCA WA CP-0024,2011-01-17,LUNCH,11AM -  2PM,1445.61,273,Monday
5357,SEA/TCA WA CP-0024,2011-01-17,MORNING,Open - 11AM,1255.72,285,Monday
5357,SEA/TCA WA CP-0024,2011-01-17,REGULAR MENU,10:30AM (11AM weekend) - Close,3132.86,575,Monday
5357,SEA/TCA WA CP-0024,2011-01-17,TOTAL DAY,All hours,4247.9,828,Monday
5357,SEA/TCA WA CP-0024,2011-01-18,AFTER 4PM,4PM - Close,1133.88,211,Tuesday
5357,SEA/TCA WA CP-0024,2011-01-18,AFTERNOON,2PM - 4PM,516.65,114,Tuesday
5357,SEA/TCA WA CP-0024,2011-01-18,BREAKFAST,Open - 10:30AM (11AM weekend),1270.54,326,Tuesday
5357,SEA/TCA WA CP-0024,2011-01-18,DINNER,4PM - 9PM,974.84,184,Tuesday
5357,SEA/TCA WA CP-0024,2011-01-18,EVENING,9PM - Close,159.04,27,Tuesday
5357,SEA/TCA WA CP-0024,2011-01-18,LATE NIGHT,11PM - 5AM,0.0,0,Tuesday
5357,SEA/TCA WA CP-0024,2011-01-18,LUNCH,11AM -  2PM,1720.07,345,Tuesday
5357,SEA/TCA WA CP-0024,2011-01-18,MORNING,Open - 11AM,1439.49,358,Tuesday
5357,SEA/TCA WA CP-0024,2011-01-18,REGULAR MENU,10:30AM (11AM weekend) - Close,3539.55,702,Tuesday
5357,SEA/TCA WA CP-0024,2011-01-18,TOTAL DAY,All hours,4810.09,1028,Tuesday
5357,SEA/TCA WA CP-0024,2011-01-19,AFTER 4PM,4PM - Close,1078.29,190,Wednesday
5357,SEA/TCA WA CP-0024,2011-01-19,AFTERNOON,2PM - 4PM,557.47,114,Wednesday
5357,SEA/TCA WA CP-0024,2011-01-19,BREAKFAST,Open - 10:30AM (11AM weekend),1455.62,353,Wednesday
5357,SEA/TCA WA CP-0024,2011-01-19,DINNER,4PM - 9PM,815.99,147,Wednesday
5357,SEA/TCA WA CP-0024,2011-01-19,EVENING,9PM - Close,262.3,43,Wednesday
5357,SEA/TCA WA CP-0024,2011-01-19,LATE NIGHT,11PM - 5AM,0.0,0,Wednesday
5357,SEA/TCA WA CP-0024,2011-01-19,LUNCH,11AM -  2PM,1787.27,329,Wednesday
5357,SEA/TCA WA CP-0024,2011-01-19,MORNING,Open - 11AM,1577.71,377,Wednesday
5357,SEA/TCA WA CP-0024,2011-01-19,REGULAR MENU,10:30AM (11AM weekend) - Close,3545.12,657,Wednesday
5357,SEA/TCA WA CP-0024,2011-01-19,TOTAL DAY,All hours,5000.74,1010,Wednesday
5357,SEA/TCA WA CP-0024,2011-01-20,AFTER 4PM,4PM - Close,1228.48,218,Thursday
5357,SEA/TCA WA CP-0024,2011-01-20,AFTERNOON,2PM - 4PM,585.6,121,Thursday
5357,SEA/TCA WA CP-0024,2011-01-20,BREAKFAST,Open - 10:30AM (11AM weekend),1546.63,371,Thursday
5357,SEA/TCA WA CP-0024,2011-01-20,DINNER,4PM - 9PM,996.37,172,Thursday
5357,SEA/TCA WA CP-0024,2011-01-20,EVENING,9PM - Close,232.11,46,Thursday
5357,SEA/TCA WA CP-0024,2011-01-20,LATE NIGHT,11PM - 5AM,0.0,0,Thursday
5357,SEA/TCA WA CP-0024,2011-01-20,LUNCH,11AM -  2PM,1846.71,340,Thursday
5357,SEA/TCA WA CP-0024,2011-01-20,MORNING,Open - 11AM,1679.74,397,Thursday
5357,SEA/TCA WA CP-0024,2011-01-20,REGULAR MENU,10:30AM (11AM weekend) - Close,3793.9,705,Thursday
5357,SEA/TCA WA CP-0024,2011-01-20,TOTAL DAY,All hours,5340.53,1076,Thursday
5357,SEA/TCA WA CP-0024,2011-01-21,AFTER 4PM,4PM - Close,1346.04,215,Friday
5357,SEA/TCA WA CP-0024,2011-01-21,AFTERNOON,2PM - 4PM,620.4,125,Friday
5357,SEA/TCA WA CP-0024,2011-01-21,BREAKFAST,Open - 10:30AM (11AM weekend),1711.69,382,Friday
5357,SEA/TCA WA CP-0024,2011-01-21,DINNER,4PM - 9PM,982.81,163,Friday
5357,SEA/TCA WA CP-0024,2011-01-21,EVENING,9PM - Close,363.23,52,Friday
5357,SEA/TCA WA CP-0024,2011-01-21,LATE NIGHT,11PM - 5AM,2.58,1,Friday
5357,SEA/TCA WA CP-0024,2011-01-21,LUNCH,11AM -  2PM,1889.45,331,Friday
5357,SEA/TCA WA CP-0024,2011-01-21,MORNING,Open - 11AM,1857.13,413,Friday
5357,SEA/TCA WA CP-0024,2011-01-21,REGULAR MENU,10:30AM (11AM weekend) - Close,4001.33,702,Friday
5357,SEA/TCA WA CP-0024,2011-01-21,TOTAL DAY,All hours,5713.02,1084,Friday
5357,SEA/TCA WA CP-0024,2011-01-22,AFTER 4PM,4PM - Close,1024.6,168,Saturday
5357,SEA/TCA WA CP-0024,2011-01-22,AFTERNOON,2PM - 4PM,525.18,97,Saturday
5357,SEA/TCA WA CP-0024,2011-01-22,BREAKFAST,Open - 10:30AM (11AM weekend),1284.65,247,Saturday
5357,SEA/TCA WA CP-0024,2011-01-22,DINNER,4PM - 9PM,828.95,135,Saturday
5357,SEA/TCA WA CP-0024,2011-01-22,EVENING,9PM - Close,195.65,33,Saturday
5357,SEA/TCA WA CP-0024,2011-01-22,LATE NIGHT,11PM - 5AM,0.0,0,Saturday
5357,SEA/TCA WA CP-0024,2011-01-22,LUNCH,11AM -  2PM,1224.99,192,Saturday
5357,SEA/TCA WA CP-0024,2011-01-22,MORNING,Open - 11AM,1284.65,247,Saturday
5357,SEA/TCA WA CP-0024,2011-01-22,REGULAR MENU,10:30AM (11AM weekend) - Close,2774.77,457,Saturday
5357,SEA/TCA WA CP-0024,2011-01-22,TOTAL DAY,All hours,4059.42,704,Saturday
5357,SEA/TCA WA CP-0024,2011-01-23,AFTER 4PM,4PM - Close,887.54,138,Sunday
5357,SEA/TCA WA CP-0024,2011-01-23,AFTERNOON,2PM - 4PM,268.82,57,Sunday
5357,SEA/TCA WA CP-0024,2011-01-23,BREAKFAST,Open - 10:30AM (11AM weekend),668.6,130,Sunday
5357,SEA/TCA WA CP-0024,2011-01-23,DINNER,4PM - 9PM,808.1,122,Sunday
5357,SEA/TCA WA CP-0024,2011-01-23,EVENING,9PM - Close,79.44,16,Sunday
5357,SEA/TCA WA CP-0024,2011-01-23,LATE NIGHT,11PM - 5AM,0.0,0,Sunday
5357,SEA/TCA WA CP-0024,2011-01-23,LUNCH,11AM -  2PM,589.25,112,Sunday
5357,SEA/TCA WA CP-0024,2011-01-23,MORNING,Open - 11AM,668.6,130,Sunday
5357,SEA/TCA WA CP-0024,2011-01-23,REGULAR MENU,10:30AM (11AM weekend) - Close,1745.61,307,Sunday
5357,SEA/TCA WA CP-0024,2011-01-23,TOTAL DAY,All hours,2414.21,437,Sunday
5357,SEA/TCA WA CP-0024,2011-01-25,AFTER 4PM,4PM - Close,1068.05,216,Tuesday
5357,SEA/TCA WA CP-0024,2011-01-25,AFTERNOON,2PM - 4PM,547.14,115,Tuesday
5357,SEA/TCA WA CP-0024,2011-01-25,BREAKFAST,Open - 10:30AM (11AM weekend),953.09,241,Tuesday
5357,SEA/TCA WA CP-0024,2011-01-25,DINNER,4PM - 9PM,881.6,181,Tuesday
5357,SEA/TCA WA CP-0024,2011-01-25,EVENING,9PM - Close,186.45,35,Tuesday
5357,SEA/TCA WA CP-0024,2011-01-25,LATE NIGHT,11PM - 5AM,0.0,0,Tuesday
5357,SEA/TCA WA CP-0024,2011-01-25,LUNCH,11AM -  2PM,1753.06,325,Tuesday
5357,SEA/TCA WA CP-0024,2011-01-25,MORNING,Open - 11AM,1109.88,272,Tuesday
5357,SEA/TCA WA CP-0024,2011-01-25,REGULAR MENU,10:30AM (11AM weekend) - Close,3525.04,687,Tuesday
5357,SEA/TCA WA CP-0024,2011-01-25,TOTAL DAY,All hours,4478.13,928,Tuesday
5357,SEA/TCA WA CP-0024,2011-01-26,AFTER 4PM,4PM - Close,1037.17,194,Wednesday
5357,SEA/TCA WA CP-0024,2011-01-26,AFTERNOON,2PM - 4PM,587.21,108,Wednesday
5357,SEA/TCA WA CP-0024,2011-01-26,BREAKFAST,Open - 10:30AM (11AM weekend),1495.6,370,Wednesday
5357,SEA/TCA WA CP-0024,2011-01-26,DINNER,4PM - 9PM,865.37,165,Wednesday
5357,SEA/TCA WA CP-0024,2011-01-26,EVENING,9PM - Close,171.8,29,Wednesday
5357,SEA/TCA WA CP-0024,2011-01-26,LATE NIGHT,11PM - 5AM,13.86,3,Wednesday
5357,SEA/TCA WA CP-0024,2011-01-26,LUNCH,11AM -  2PM,1795.14,340,Wednesday
5357,SEA/TCA WA CP-0024,2011-01-26,MORNING,Open - 11AM,1612.15,388,Wednesday
5357,SEA/TCA WA CP-0024,2011-01-26,REGULAR MENU,10:30AM (11AM weekend) - Close,3536.07,660,Wednesday
5357,SEA/TCA WA CP-0024,2011-01-26,TOTAL DAY,All hours,5031.67,1030,Wednesday
5357,SEA/TCA WA CP-0024,2011-01-27,AFTER 4PM,4PM - Close,1407.37,241,Thursday
5357,SEA/TCA WA CP-0024,2011-01-27,AFTERNOON,2PM - 4PM,611.36,111,Thursday
5357,SEA/TCA WA CP-0024,2011-01-27,BREAKFAST,Open - 10:30AM (11AM weekend),1478.64,369,Thursday
5357,SEA/TCA WA CP-0024,2011-01-27,DINNER,4PM - 9PM,1169.32,200,Thursday
5357,SEA/TCA WA CP-0024,2011-01-27,EVENING,9PM - Close,238.05,41,Thursday
5357,SEA/TCA WA CP-0024,2011-01-27,LATE NIGHT,11PM - 5AM,7.66,1,Thursday
5357,SEA/TCA WA CP-0024,2011-01-27,LUNCH,11AM -  2PM,1997.05,361,Thursday
5357,SEA/TCA WA CP-0024,2011-01-27,MORNING,Open - 11AM,1599.61,400,Thursday
5357,SEA/TCA WA CP-0024,2011-01-27,REGULAR MENU,10:30AM (11AM weekend) - Close,4136.75,744,Thursday
5357,SEA/TCA WA CP-0024,2011-01-27,TOTAL DAY,All hours,5615.39,1113,Thursday
5357,SEA/TCA WA CP-0024,2011-01-28,AFTER 4PM,4PM - Close,1292.68,205,Friday
5357,SEA/TCA WA CP-0024,2011-01-28,AFTERNOON,2PM - 4PM,669.05,125,Friday
5357,SEA/TCA WA CP-0024,2011-01-28,BREAKFAST,Open - 10:30AM (11AM weekend),1632.62,380,Friday
5357,SEA/TCA WA CP-0024,2011-01-28,DINNER,4PM - 9PM,1044.48,162,Friday
5357,SEA/TCA WA CP-0024,2011-01-28,EVENING,9PM - Close,248.2,43,Friday
5357,SEA/TCA WA CP-0024,2011-01-28,LATE NIGHT,11PM - 5AM,2.89,1,Friday
5357,SEA/TCA WA CP-0024,2011-01-28,LUNCH,11AM -  2PM,1967.88,320,Friday
5357,SEA/TCA WA CP-0024,2011-01-28,MORNING,Open - 11AM,1786.46,412,Friday
5357,SEA/TCA WA CP-0024,2011-01-28,REGULAR MENU,10:30AM (11AM weekend) - Close,4083.45,682,Friday
5357,SEA/TCA WA CP-0024,2011-01-28,TOTAL DAY,All hours,5716.07,1062,Friday
5357,SEA/TCA WA CP-0024,2011-01-29,AFTER 4PM,4PM - Close,1169.33,183,Saturday
5357,SEA/TCA WA CP-0024,2011-01-29,AFTERNOON,2PM - 4PM,568.0,88,Saturday
5357,SEA/TCA WA CP-0024,2011-01-29,BREAKFAST,Open - 10:30AM (11AM weekend),1326.21,262,Saturday
5357,SEA/TCA WA CP-0024,2011-01-29,DINNER,4PM - 9PM,877.93,140,Saturday
5357,SEA/TCA WA CP-0024,2011-01-29,EVENING,9PM - Close,291.4,43,Saturday
5357,SEA/TCA WA CP-0024,2011-01-29,LATE NIGHT,11PM - 5AM,10.68,2,Saturday
5357,SEA/TCA WA CP-0024,2011-01-29,LUNCH,11AM -  2PM,1007.61,154,Saturday
5357,SEA/TCA WA CP-0024,2011-01-29,MORNING,Open - 11AM,1326.21,262,Saturday
5357,SEA/TCA WA CP-0024,2011-01-29,REGULAR MENU,10:30AM (11AM weekend) - Close,2744.94,425,Saturday
5357,SEA/TCA WA CP-0024,2011-01-29,TOTAL DAY,All hours,4071.15,687,Saturday
5357,SEA/TCA WA CP-0024,2011-01-30,AFTER 4PM,4PM - Close,909.84,153,Sunday
5357,SEA/TCA WA CP-0024,2011-01-30,AFTERNOON,2PM - 4PM,497.81,80,Sunday
5357,SEA/TCA WA CP-0024,2011-01-30,BREAKFAST,Open - 10:30AM (11AM weekend),791.86,158,Sunday
5357,SEA/TCA WA CP-0024,2011-01-30,DINNER,4PM - 9PM,737.09,122,Sunday
5357,SEA/TCA WA CP-0024,2011-01-30,EVENING,9PM - Close,172.75,31,Sunday
5357,SEA/TCA WA CP-0024,2011-01-30,LATE NIGHT,11PM - 5AM,5.27,1,Sunday
5357,SEA/TCA WA CP-0024,2011-01-30,LUNCH,11AM -  2PM,795.93,129,Sunday
5357,SEA/TCA WA CP-0024,2011-01-30,MORNING,Open - 11AM,791.86,158,Sunday
5357,SEA/TCA WA CP-0024,2011-01-30,REGULAR MENU,10:30AM (11AM weekend) - Close,2203.58,362,Sunday
5357,SEA/TCA WA CP-0024,2011-01-30,TOTAL DAY,All hours,2995.44,520,Sunday
5357,SEA/TCA WA CP-0024,2011-01-31,AFTER 4PM,4PM - Close,1188.61,192,Monday
5357,SEA/TCA WA CP-0024,2011-01-31,AFTERNOON,2PM - 4PM,530.9,111,Monday
5357,SEA/TCA WA CP-0024,2011-01-31,BREAKFAST,Open - 10:30AM (11AM weekend),1346.93,330,Monday
5357,SEA/TCA WA CP-0024,2011-01-31,DINNER,4PM - 9PM,1031.69,162,Monday
5357,SEA/TCA WA CP-0024,2011-01-31,EVENING,9PM - Close,156.92,30,Monday
5357,SEA/TCA WA CP-0024,2011-01-31,LATE NIGHT,11PM - 5AM,20.95,3,Monday
5357,SEA/TCA WA CP-0024,2011-01-31,LUNCH,11AM -  2PM,1543.0,288,Monday
5357,SEA/TCA WA CP-0024,2011-01-31,MORNING,Open - 11AM,1500.37,362,Monday
5357,SEA/TCA WA CP-0024,2011-01-31,REGULAR MENU,10:30AM (11AM weekend) - Close,3415.95,623,Monday
5357,SEA/TCA WA CP-0024,2011-01-31,TOTAL DAY,All hours,4762.88,953,Monday
13369,SEA/TCA WA CP-0024,2011-01-01,AFTER 4PM,4PM - Close,1289.51,157,Saturday
13369,SEA/TCA WA CP-0024,2011-01-01,AFTERNOON,2PM - 4PM,477.11,65,Saturday
13369,SEA/TCA WA CP-0024,2011-01-01,BREAKFAST,Open - 10:30AM (11AM weekend),130.96,25,Saturday
13369,SEA/TCA WA CP-0024,2011-01-01,DINNER,4PM - 9PM,1157.58,140,Saturday
13369,SEA/TCA WA CP-0024,2011-01-01,EVENING,9PM - Close,131.93,17,Saturday
13369,SEA/TCA WA CP-0024,2011-01-01,LATE NIGHT,11PM - 5AM,0.0,0,Saturday
13369,SEA/TCA WA CP-0024,2011-01-01,LUNCH,11AM -  2PM,693.69,93,Saturday
13369,SEA/TCA WA CP-0024,2011-01-01,MORNING,Open - 11AM,130.96,25,Saturday
13369,SEA/TCA WA CP-0024,2011-01-01,REGULAR MENU,10:30AM (11AM weekend) - Close,2460.31,315,Saturday
13369,SEA/TCA WA CP-0024,2011-01-01,TOTAL DAY,All hours,2591.27,340,Saturday
13369,SEA/TCA WA CP-0024,2011-01-02,AFTER 4PM,4PM - Close,1178.82,172,Sunday
13369,SEA/TCA WA CP-0024,2011-01-02,AFTERNOON,2PM - 4PM,424.38,53,Sunday
13369,SEA/TCA WA CP-0024,2011-01-02,BREAKFAST,Open - 10:30AM (11AM weekend),540.38,94,Sunday
13369,SEA/TCA WA CP-0024,2011-01-02,DINNER,4PM - 9PM,988.54,147,Sunday
13369,SEA/TCA WA CP-0024,2011-01-02,EVENING,9PM - Close,190.28,25,Sunday
13369,SEA/TCA WA CP-0024,2011-01-02,LATE NIGHT,11PM - 5AM,0.0,0,Sunday
13369,SEA/TCA WA CP-0024,2011-01-02,LUNCH,11AM -  2PM,728.62,116,Sunday
13369,SEA/TCA WA CP-0024,2011-01-02,MORNING,Open - 11AM,540.38,94,Sunday
13369,SEA/TCA WA CP-0024,2011-01-02,REGULAR MENU,10:30AM (11AM weekend) - Close,2331.82,341,Sunday
13369,SEA/TCA WA CP-0024,2011-01-02,TOTAL DAY,All hours,2872.2,435,Sunday
13369,SEA/TCA WA CP-0024,2011-01-03,AFTER 4PM,4PM - Close,1404.92,200,Monday
13369,SEA/TCA WA CP-0024,2011-01-03,AFTERNOON,2PM - 4PM,572.21,93,Monday
13369,SEA/TCA WA CP-0024,2011-01-03,BREAKFAST,Open - 10:30AM (11AM weekend),890.99,171,Monday
13369,SEA/TCA WA CP-0024,2011-01-03,DINNER,4PM - 9PM,1191.22,175,Monday
13369,SEA/TCA WA CP-0024,2011-01-03,EVENING,9PM - Close,213.7,25,Monday
13369,SEA/TCA WA CP-0024,2011-01-03,LATE NIGHT,11PM - 5AM,0.0,0,Monday
13369,SEA/TCA WA CP-0024,2011-01-03,LUNCH,11AM -  2PM,1262.01,219,Monday
13369,SEA/TCA WA CP-0024,2011-01-03,MORNING,Open - 11AM,995.2,189,Monday
13369,SEA/TCA WA CP-0024,2011-01-03,REGULAR MENU,10:30AM (11AM weekend) - Close,3343.35,530,Monday
13369,SEA/TCA WA CP-0024,2011-01-03,TOTAL DAY,All hours,4234.34,701,Monday
13369,SEA/TCA WA CP-0024,2011-01-04,AFTER 4PM,4PM - Close,1222.77,161,Tuesday
13369,SEA/TCA WA CP-0024,2011-01-04,AFTERNOON,2PM - 4PM,611.44,95,Tuesday
13369,SEA/TCA WA CP-0024,2011-01-04,BREAKFAST,Open - 10:30AM (11AM weekend),795.18,178,Tuesday
13369,SEA/TCA WA CP-0024,2011-01-04,DINNER,4PM - 9PM,1015.52,132,Tuesday
13369,SEA/TCA WA CP-0024,2011-01-04,EVENING,9PM - Close,207.25,29,Tuesday
13369,SEA/TCA WA CP-0024,2011-01-04,LATE NIGHT,11PM - 5AM,0.0,0,Tuesday
13369,SEA/TCA WA CP-0024,2011-01-04,LUNCH,11AM -  2PM,1374.4,241,Tuesday
13369,SEA/TCA WA CP-0024,2011-01-04,MORNING,Open - 11AM,861.78,193,Tuesday
13369,SEA/TCA WA CP-0024,2011-01-04,REGULAR MENU,10:30AM (11AM weekend) - Close,3275.21,512,Tuesday
13369,SEA/TCA WA CP-0024,2011-01-04,TOTAL DAY,All hours,4070.39,690,Tuesday
13369,SEA/TCA WA CP-0024,2011-01-05,AFTER 4PM,4PM - Close,1205.1,187,Wednesday
13369,SEA/TCA WA CP-0024,2011-01-05,AFTERNOON,2PM - 4PM,575.89,97,Wednesday
13369,SEA/TCA WA CP-0024,2011-01-05,BREAKFAST,Open - 10:30AM (11AM weekend),842.87,189,Wednesday
13369,SEA/TCA WA CP-0024,2011-01-05,DINNER,4PM - 9PM,1011.8,156,Wednesday
13369,SEA/TCA WA CP-0024,2011-01-05,EVENING,9PM - Close,193.3,31,Wednesday
13369,SEA/TCA WA CP-0024,2011-01-05,LATE NIGHT,11PM - 5AM,0.0,0,Wednesday
13369,SEA/TCA WA CP-0024,2011-01-05,LUNCH,11AM -  2PM,1212.44,225,Wednesday
13369,SEA/TCA WA CP-0024,2011-01-05,MORNING,Open - 11AM,913.36,203,Wednesday
13369,SEA/TCA WA CP-0024,2011-01-05,REGULAR MENU,10:30AM (11AM weekend) - Close,3063.92,523,Wednesday
13369,SEA/TCA WA CP-0024,2011-01-05,TOTAL DAY,All hours,3906.79,712,Wednesday
13369,SEA/TCA WA CP-0024,2011-01-06,AFTER 4PM,4PM - Close,1254.68,183,Thursday
13369,SEA/TCA WA CP-0024,2011-01-06,AFTERNOON,2PM - 4PM,554.32,96,Thursday
13369,SEA/TCA WA CP-0024,2011-01-06,BREAKFAST,Open - 10:30AM (11AM weekend),814.64,185,Thursday
13369,SEA/TCA WA CP-0024,2011-01-06,DINNER,4PM - 9PM,1064.18,153,Thursday
13369,SEA/TCA WA CP-0024,2011-01-06,EVENING,9PM - Close,190.5,30,Thursday
13369,SEA/TCA WA CP-0024,2011-01-06,LATE NIGHT,11PM - 5AM,0.0,0,Thursday
13369,SEA/TCA WA CP-0024,2011-01-06,LUNCH,11AM -  2PM,1501.53,273,Thursday
13369,SEA/TCA WA CP-0024,2011-01-06,MORNING,Open - 11AM,977.03,215,Thursday
13369,SEA/TCA WA CP-0024,2011-01-06,REGULAR MENU,10:30AM (11AM weekend) - Close,3472.92,582,Thursday
13369,SEA/TCA WA CP-0024,2011-01-06,TOTAL DAY,All hours,4287.56,767,Thursday
13369,SEA/TCA WA CP-0024,2011-01-07,AFTER 4PM,4PM - Close,1622.34,209,Friday
13369,SEA/TCA WA CP-0024,2011-01-07,AFTERNOON,2PM - 4PM,526.51,87,Friday
13369,SEA/TCA WA CP-0024,2011-01-07,BREAKFAST,Open - 10:30AM (11AM weekend),1022.99,211,Friday
13369,SEA/TCA WA CP-0024,2011-01-07,DINNER,4PM - 9PM,1439.02,183,Friday
13369,SEA/TCA WA CP-0024,2011-01-07,EVENING,9PM - Close,183.32,26,Friday
13369,SEA/TCA WA CP-0024,2011-01-07,LATE NIGHT,11PM - 5AM,0.0,0,Friday
13369,SEA/TCA WA CP-0024,2011-01-07,LUNCH,11AM -  2PM,1494.02,247,Friday
13369,SEA/TCA WA CP-0024,2011-01-07,MORNING,Open - 11AM,1206.97,239,Friday
13369,SEA/TCA WA CP-0024,2011-01-07,REGULAR MENU,10:30AM (11AM weekend) - Close,3826.85,571,Friday
13369,SEA/TCA WA CP-0024,2011-01-07,TOTAL DAY,All hours,4849.84,782,Friday
13369,SEA/TCA WA CP-0024,2011-01-08,AFTER 4PM,4PM - Close,1219.69,163,Saturday
13369,SEA/TCA WA CP-0024,2011-01-08,AFTERNOON,2PM - 4PM,407.71,64,Saturday
13369,SEA/TCA WA CP-0024,2011-01-08,BREAKFAST,Open - 10:30AM (11AM weekend),821.09,137,Saturday
13369,SEA/TCA WA CP-0024,2011-01-08,DINNER,4PM - 9PM,1019.81,136,Saturday
13369,SEA/TCA WA CP-0024,2011-01-08,EVENING,9PM - Close,199.88,27,Saturday
13369,SEA/TCA WA CP-0024,2011-01-08,LATE NIGHT,11PM - 5AM,0.0,0,Saturday
13369,SEA/TCA WA CP-0024,2011-01-08,LUNCH,11AM -  2PM,867.1,123,Saturday
13369,SEA/TCA WA CP-0024,2011-01-08,MORNING,Open - 11AM,821.09,137,Saturday
13369,SEA/TCA WA CP-0024,2011-01-08,REGULAR MENU,10:30AM (11AM weekend) - Close,2494.5,350,Saturday
13369,SEA/TCA WA CP-0024,2011-01-08,TOTAL DAY,All hours,3315.59,487,Saturday
13369,SEA/TCA WA CP-0024,2011-01-09,AFTER 4PM,4PM - Close,1034.47,134,Sunday
13369,SEA/TCA WA CP-0024,2011-01-09,AFTERNOON,2PM - 4PM,417.65,64,Sunday
13369,SEA/TCA WA CP-0024,2011-01-09,BREAKFAST,Open - 10:30AM (11AM weekend),689.72,95,Sunday
13369,SEA/TCA WA CP-0024,2011-01-09,DINNER,4PM - 9PM,876.43,116,Sunday
13369,SEA/TCA WA CP-0024,2011-01-09,EVENING,9PM - Close,158.04,18,Sunday
13369,SEA/TCA WA CP-0024,2011-01-09,LATE NIGHT,11PM - 5AM,0.0,0,Sunday
13369,SEA/TCA WA CP-0024,2011-01-09,LUNCH,11AM -  2PM,529.92,82,Sunday
13369,SEA/TCA WA CP-0024,2011-01-09,MORNING,Open - 11AM,689.72,95,Sunday
13369,SEA/TCA WA CP-0024,2011-01-09,REGULAR MENU,10:30AM (11AM weekend) - Close,1982.04,280,Sunday
13369,SEA/TCA WA CP-0024,2011-01-09,TOTAL DAY,All hours,2671.76,375,Sunday
13369,SEA/TCA WA CP-0024,2011-01-10,AFTER 4PM,4PM - Close,941.65,151,Monday
13369,SEA/TCA WA CP-0024,2011-01-10,AFTERNOON,2PM - 4PM,448.29,80,Monday
13369,SEA/TCA WA CP-0024,2011-01-10,BREAKFAST,Open - 10:30AM (11AM weekend),795.69,179,Monday
13369,SEA/TCA WA CP-0024,2011-01-10,DINNER,4PM - 9PM,810.71,133,Monday
13369,SEA/TCA WA CP-0024,2011-01-10,EVENING,9PM - Close,130.94,18,Monday
13369,SEA/TCA WA CP-0024,2011-01-10,LATE NIGHT,11PM - 5AM,0.0,0,Monday
13369,SEA/TCA WA CP-0024,2011-01-10,LUNCH,11AM -  2PM,1288.02,224,Monday
13369,SEA/TCA WA CP-0024,2011-01-10,MORNING,Open - 11AM,923.28,196,Monday
13369,SEA/TCA WA CP-0024,2011-01-10,REGULAR MENU,10:30AM (11AM weekend) - Close,2805.55,472,Monday
13369,SEA/TCA WA CP-0024,2011-01-10,TOTAL DAY,All hours,3601.24,651,Monday
13369,SEA/TCA WA CP-0024,2011-01-11,AFTER 4PM,4PM - Close,970.98,150,Tuesday
13369,SEA/TCA WA CP-0024,2011-01-11,AFTERNOON,2PM - 4PM,577.21,92,Tuesday
13369,SEA/TCA WA CP-0024,2011-01-11,BREAKFAST,Open - 10:30AM (11AM weekend),812.3,187,Tuesday
13369,SEA/TCA WA CP-0024,2011-01-11,DINNER,4PM - 9PM,930.59,143,Tuesday
13369,SEA/TCA WA CP-0024,2011-01-11,EVENING,9PM - Close,40.39,7,Tuesday
13369,SEA/TCA WA CP-0024,2011-01-11,LATE NIGHT,11PM - 5AM,0.0,0,Tuesday
13369,SEA/TCA WA CP-0024,2011-01-11,LUNCH,11AM -  2PM,1422.04,265,Tuesday
13369,SEA/TCA WA CP-0024,2011-01-11,MORNING,Open - 11AM,903.37,204,Tuesday
13369,SEA/TCA WA CP-0024,2011-01-11,REGULAR MENU,10:30AM (11AM weekend) - Close,3061.3,524,Tuesday
13369,SEA/TCA WA CP-0024,2011-01-11,TOTAL DAY,All hours,3873.6,711,Tuesday
13369,SEA/TCA WA CP-0024,2011-01-12,AFTER 4PM,4PM - Close,825.44,140,Wednesday
13369,SEA/TCA WA CP-0024,2011-01-12,AFTERNOON,2PM - 4PM,497.09,82,Wednesday
13369,SEA/TCA WA CP-0024,2011-01-12,BREAKFAST,Open - 10:30AM (11AM weekend),936.8,195,Wednesday
13369,SEA/TCA WA CP-0024,2011-01-12,DINNER,4PM - 9PM,723.74,125,Wednesday
13369,SEA/TCA WA CP-0024,2011-01-12,EVENING,9PM - Close,101.7,15,Wednesday
13369,SEA/TCA WA CP-0024,2011-01-12,LATE NIGHT,11PM - 5AM,0.0,0,Wednesday
13369,SEA/TCA WA CP-0024,2011-01-12,LUNCH,11AM -  2PM,1243.57,223,Wednesday
13369,SEA/TCA WA CP-0024,2011-01-12,MORNING,Open - 11AM,1029.69,216,Wednesday
13369,SEA/TCA WA CP-0024,2011-01-12,REGULAR MENU,10:30AM (11AM weekend) - Close,2658.99,466,Wednesday
13369,SEA/TCA WA CP-0024,2011-01-12,TOTAL DAY,All hours,3595.79,661,Wednesday
13369,SEA/TCA WA CP-0024,2011-01-13,AFTER 4PM,4PM - Close,1038.7,170,Thursday
13369,SEA/TCA WA CP-0024,2011-01-13,AFTERNOON,2PM - 4PM,420.72,85,Thursday
13369,SEA/TCA WA CP-0024,2011-01-13,BREAKFAST,Open - 10:30AM (11AM weekend),775.86,177,Thursday
13369,SEA/TCA WA CP-0024,2011-01-13,DINNER,4PM - 9PM,923.61,148,Thursday
13369,SEA/TCA WA CP-0024,2011-01-13,EVENING,9PM - Close,115.09,22,Thursday
13369,SEA/TCA WA CP-0024,2011-01-13,LATE NIGHT,11PM - 5AM,0.0,0,Thursday
13369,SEA/TCA WA CP-0024,2011-01-13,LUNCH,11AM -  2PM,1419.89,241,Thursday
13369,SEA/TCA WA CP-0024,2011-01-13,MORNING,Open - 11AM,853.51,196,Thursday
13369,SEA/TCA WA CP-0024,2011-01-13,REGULAR MENU,10:30AM (11AM weekend) - Close,2956.96,515,Thursday
13369,SEA/TCA WA CP-0024,2011-01-13,TOTAL DAY,All hours,3732.82,692,Thursday
13369,SEA/TCA WA CP-0024,2011-01-14,AFTER 4PM,4PM - Close,1509.7,196,Friday
13369,SEA/TCA WA CP-0024,2011-01-14,AFTERNOON,2PM - 4PM,571.26,89,Friday
13369,SEA/TCA WA CP-0024,2011-01-14,BREAKFAST,Open - 10:30AM (11AM weekend),913.79,195,Friday
13369,SEA/TCA WA CP-0024,2011-01-14,DINNER,4PM - 9PM,1246.04,160,Friday
13369,SEA/TCA WA CP-0024,2011-01-14,EVENING,9PM - Close,263.66,36,Friday
13369,SEA/TCA WA CP-0024,2011-01-14,LATE NIGHT,11PM - 5AM,1.0,1,Friday
13369,SEA/TCA WA CP-0024,2011-01-14,LUNCH,11AM -  2PM,1475.96,244,Friday
13369,SEA/TCA WA CP-0024,2011-01-14,MORNING,Open - 11AM,1024.97,218,Friday
13369,SEA/TCA WA CP-0024,2011-01-14,REGULAR MENU,10:30AM (11AM weekend) - Close,3668.1,552,Friday
13369,SEA/TCA WA CP-0024,2011-01-14,TOTAL DAY,All hours,4581.89,747,Friday
13369,SEA/TCA WA CP-0024,2011-01-15,AFTER 4PM,4PM - Close,1234.26,168,Saturday
13369,SEA/TCA WA CP-0024,2011-01-15,AFTERNOON,2PM - 4PM,446.84,61,Saturday
13369,SEA/TCA WA CP-0024,2011-01-15,BREAKFAST,Open - 10:30AM (11AM weekend),830.63,131,Saturday
13369,SEA/TCA WA CP-0024,2011-01-15,DINNER,4PM - 9PM,977.6,135,Saturday
13369,SEA/TCA WA CP-0024,2011-01-15,EVENING,9PM - Close,256.66,33,Saturday
13369,SEA/TCA WA CP-0024,2011-01-15,LATE NIGHT,11PM - 5AM,0.0,0,Saturday
13369,SEA/TCA WA CP-0024,2011-01-15,LUNCH,11AM -  2PM,960.04,128,Saturday
13369,SEA/TCA WA CP-0024,2011-01-15,MORNING,Open - 11AM,830.63,131,Saturday
13369,SEA/TCA WA CP-0024,2011-01-15,REGULAR MENU,10:30AM (11AM weekend) - Close,2641.14,357,Saturday
13369,SEA/TCA WA CP-0024,2011-01-15,TOTAL DAY,All hours,3471.77,488,Saturday
13369,SEA/TCA WA CP-0024,2011-01-16,AFTER 4PM,4PM - Close,1107.96,146,Sunday
13369,SEA/TCA WA CP-0024,2011-01-16,AFTERNOON,2PM - 4PM,435.52,68,Sunday
13369,SEA/TCA WA CP-0024,2011-01-16,BREAKFAST,Open - 10:30AM (11AM weekend),656.86,98,Sunday
13369,SEA/TCA WA CP-0024,2011-01-16,DINNER,4PM - 9PM,964.44,121,Sunday
13369,SEA/TCA WA CP-0024,2011-01-16,EVENING,9PM - Close,143.52,25,Sunday
13369,SEA/TCA WA CP-0024,2011-01-16,LATE NIGHT,11PM - 5AM,0.0,0,Sunday
13369,SEA/TCA WA CP-0024,2011-01-16,LUNCH,11AM -  2PM,661.66,81,Sunday
13369,SEA/TCA WA CP-0024,2011-01-16,MORNING,Open - 11AM,656.86,98,Sunday
13369,SEA/TCA WA CP-0024,2011-01-16,REGULAR MENU,10:30AM (11AM weekend) - Close,2205.14,295,Sunday
13369,SEA/TCA WA CP-0024,2011-01-16,TOTAL DAY,All hours,2862.0,393,Sunday
13369,SEA/TCA WA CP-0024,2011-01-17,AFTER 4PM,4PM - Close,916.16,146,Monday
13369,SEA/TCA WA CP-0024,2011-01-17,AFTERNOON,2PM - 4PM,496.14,81,Monday
13369,SEA/TCA WA CP-0024,2011-01-17,BREAKFAST,Open - 10:30AM (11AM weekend),649.01,151,Monday
13369,SEA/TCA WA CP-0024,2011-01-17,DINNER,4PM - 9PM,767.79,123,Monday
13369,SEA/TCA WA CP-0024,2011-01-17,EVENING,9PM - Close,148.37,23,Monday
13369,SEA/TCA WA CP-0024,2011-01-17,LATE NIGHT,11PM - 5AM,0.0,0,Monday
13369,SEA/TCA WA CP-0024,2011-01-17,LUNCH,11AM -  2PM,1261.37,218,Monday
13369,SEA/TCA WA CP-0024,2011-01-17,MORNING,Open - 11AM,782.12,174,Monday
13369,SEA/TCA WA CP-0024,2011-01-17,REGULAR MENU,10:30AM (11AM weekend) - Close,2806.78,468,Monday
13369,SEA/TCA WA CP-0024,2011-01-17,TOTAL DAY,All hours,3455.79,619,Monday
13369,SEA/TCA WA CP-0024,2011-01-18,AFTER 4PM,4PM - Close,1273.05,190,Tuesday
13369,SEA/TCA WA CP-0024,2011-01-18,AFTERNOON,2PM - 4PM,490.66,88,Tuesday
13369,SEA/TCA WA CP-0024,2011-01-18,BREAKFAST,Open - 10:30AM (11AM weekend),741.25,165,Tuesday
13369,SEA/TCA WA CP-0024,2011-01-18,DINNER,4PM - 9PM,1087.68,160,Tuesday
13369,SEA/TCA WA CP-0024,2011-01-18,EVENING,9PM - Close,185.37,30,Tuesday
13369,SEA/TCA WA CP-0024,2011-01-18,LATE NIGHT,11PM - 5AM,0.0,0,Tuesday
13369,SEA/TCA WA CP-0024,2011-01-18,LUNCH,11AM -  2PM,1164.55,210,Tuesday
13369,SEA/TCA WA CP-0024,2011-01-18,MORNING,Open - 11AM,888.77,190,Tuesday
13369,SEA/TCA WA CP-0024,2011-01-18,REGULAR MENU,10:30AM (11AM weekend) - Close,3075.78,513,Tuesday
13369,SEA/TCA WA CP-0024,2011-01-18,TOTAL DAY,All hours,3817.03,678,Tuesday
13369,SEA/TCA WA CP-0024,2011-01-19,AFTER 4PM,4PM - Close,1310.79,209,Wednesday
13369,SEA/TCA WA CP-0024,2011-01-19,AFTERNOON,2PM - 4PM,537.99,91,Wednesday
13369,SEA/TCA WA CP-0024,2011-01-19,BREAKFAST,Open - 10:30AM (11AM weekend),838.17,194,Wednesday
13369,SEA/TCA WA CP-0024,2011-01-19,DINNER,4PM - 9PM,1069.68,169,Wednesday
13369,SEA/TCA WA CP-0024,2011-01-19,EVENING,9PM - Close,241.11,40,Wednesday
13369,SEA/TCA WA CP-0024,2011-01-19,LATE NIGHT,11PM - 5AM,0.0,0,Wednesday
13369,SEA/TCA WA CP-0024,2011-01-19,LUNCH,11AM -  2PM,1318.29,232,Wednesday
13369,SEA/TCA WA CP-0024,2011-01-19,MORNING,Open - 11AM,965.95,218,Wednesday
13369,SEA/TCA WA CP-0024,2011-01-19,REGULAR MENU,10:30AM (11AM weekend) - Close,3294.85,556,Wednesday
13369,SEA/TCA WA CP-0024,2011-01-19,TOTAL DAY,All hours,4133.02,750,Wednesday
13369,SEA/TCA WA CP-0024,2011-01-20,AFTER 4PM,4PM - Close,1177.38,174,Thursday
13369,SEA/TCA WA CP-0024,2011-01-20,AFTERNOON,2PM - 4PM,463.46,80,Thursday
13369,SEA/TCA WA CP-0024,2011-01-20,BREAKFAST,Open - 10:30AM (11AM weekend),847.53,203,Thursday
13369,SEA/TCA WA CP-0024,2011-01-20,DINNER,4PM - 9PM,1038.16,154,Thursday
13369,SEA/TCA WA CP-0024,2011-01-20,EVENING,9PM - Close,139.22,20,Thursday
13369,SEA/TCA WA CP-0024,2011-01-20,LATE NIGHT,11PM - 5AM,0.0,0,Thursday
13369,SEA/TCA WA CP-0024,2011-01-20,LUNCH,11AM -  2PM,1309.02,223,Thursday
13369,SEA/TCA WA CP-0024,2011-01-20,MORNING,Open - 11AM,975.71,226,Thursday
13369,SEA/TCA WA CP-0024,2011-01-20,REGULAR MENU,10:30AM (11AM weekend) - Close,3078.04,500,Thursday
13369,SEA/TCA WA CP-0024,2011-01-20,TOTAL DAY,All hours,3925.57,703,Thursday
13369,SEA/TCA WA CP-0024,2011-01-21,AFTER 4PM,4PM - Close,1718.27,224,Friday
13369,SEA/TCA WA CP-0024,2011-01-21,AFTERNOON,2PM - 4PM,735.01,107,Friday
13369,SEA/TCA WA CP-0024,2011-01-21,BREAKFAST,Open - 10:30AM (11AM weekend),1089.24,218,Friday
13369,SEA/TCA WA CP-0024,2011-01-21,DINNER,4PM - 9PM,1480.04,192,Friday
13369,SEA/TCA WA CP-0024,2011-01-21,EVENING,9PM - Close,238.23,32,Friday
13369,SEA/TCA WA CP-0024,2011-01-21,LATE NIGHT,11PM - 5AM,0.0,0,Friday
13369,SEA/TCA WA CP-0024,2011-01-21,LUNCH,11AM -  2PM,1763.7,291,Friday
13369,SEA/TCA WA CP-0024,2011-01-21,MORNING,Open - 11AM,1189.54,239,Friday
13369,SEA/TCA WA CP-0024,2011-01-21,REGULAR MENU,10:30AM (11AM weekend) - Close,4317.28,643,Friday
13369,SEA/TCA WA CP-0024,2011-01-21,TOTAL DAY,All hours,5406.52,861,Friday
13369,SEA/TCA WA CP-0024,2011-01-22,AFTER 4PM,4PM - Close,958.3,149,Saturday
13369,SEA/TCA WA CP-0024,2011-01-22,AFTERNOON,2PM - 4PM,463.92,64,Saturday
13369,SEA/TCA WA CP-0024,2011-01-22,BREAKFAST,Open - 10:30AM (11AM weekend),953.38,158,Saturday
13369,SEA/TCA WA CP-0024,2011-01-22,DINNER,4PM - 9PM,771.54,126,Saturday
13369,SEA/TCA WA CP-0024,2011-01-22,EVENING,9PM - Close,186.76,23,Saturday
13369,SEA/TCA WA CP-0024,2011-01-22,LATE NIGHT,11PM - 5AM,0.0,0,Saturday
13369,SEA/TCA WA CP-0024,2011-01-22,LUNCH,11AM -  2PM,1050.0,142,Saturday
13369,SEA/TCA WA CP-0024,2011-01-22,MORNING,Open - 11AM,953.38,158,Saturday
13369,SEA/TCA WA CP-0024,2011-01-22,REGULAR MENU,10:30AM (11AM weekend) - Close,2472.22,355,Saturday
13369,SEA/TCA WA CP-0024,2011-01-22,TOTAL DAY,All hours,3425.6,513,Saturday
13369,SEA/TCA WA CP-0024,2011-01-24,AFTER 4PM,4PM - Close,971.37,173,Monday
13369,SEA/TCA WA CP-0024,2011-01-24,AFTERNOON,2PM - 4PM,516.64,80,Monday
13369,SEA/TCA WA CP-0024,2011-01-24,BREAKFAST,Open - 10:30AM (11AM weekend),654.79,149,Monday
13369,SEA/TCA WA CP-0024,2011-01-24,DINNER,4PM - 9PM,800.98,143,Monday
13369,SEA/TCA WA CP-0024,2011-01-24,EVENING,9PM - Close,170.39,30,Monday
13369,SEA/TCA WA CP-0024,2011-01-24,LATE NIGHT,11PM - 5AM,0.0,0,Monday
13369,SEA/TCA WA CP-0024,2011-01-24,LUNCH,11AM -  2PM,1221.18,223,Monday
13369,SEA/TCA WA CP-0024,2011-01-24,MORNING,Open - 11AM,747.09,166,Monday
13369,SEA/TCA WA CP-0024,2011-01-24,REGULAR MENU,10:30AM (11AM weekend) - Close,2801.49,493,Monday
13369,SEA/TCA WA CP-0024,2011-01-24,TOTAL DAY,All hours,3456.28,642,Monday
13369,SEA/TCA WA CP-0024,2011-01-25,AFTER 4PM,4PM - Close,1405.64,212,Tuesday
13369,SEA/TCA WA CP-0024,2011-01-25,AFTERNOON,2PM - 4PM,533.61,95,Tuesday
13369,SEA/TCA WA CP-0024,2011-01-25,BREAKFAST,Open - 10:30AM (11AM weekend),998.05,203,Tuesday
13369,SEA/TCA WA CP-0024,2011-01-25,DINNER,4PM - 9PM,1125.74,171,Tuesday
13369,SEA/TCA WA CP-0024,2011-01-25,EVENING,9PM - Close,279.9,41,Tuesday
13369,SEA/TCA WA CP-0024,2011-01-25,LATE NIGHT,11PM - 5AM,0.0,0,Tuesday
13369,SEA/TCA WA CP-0024,2011-01-25,LUNCH,11AM -  2PM,1343.27,237,Tuesday
13369,SEA/TCA WA CP-0024,2011-01-25,MORNING,Open - 11AM,1063.57,220,Tuesday
13369,SEA/TCA WA CP-0024,2011-01-25,REGULAR MENU,10:30AM (11AM weekend) - Close,3348.04,561,Tuesday
13369,SEA/TCA WA CP-0024,2011-01-25,TOTAL DAY,All hours,4346.09,764,Tuesday
13369,SEA/TCA WA CP-0024,2011-01-26,AFTER 4PM,4PM - Close,1303.55,191,Wednesday
13369,SEA/TCA WA CP-0024,2011-01-26,AFTERNOON,2PM - 4PM,467.25,81,Wednesday
13369,SEA/TCA WA CP-0024,2011-01-26,BREAKFAST,Open - 10:30AM (11AM weekend),843.1,189,Wednesday
13369,SEA/TCA WA CP-0024,2011-01-26,DINNER,4PM - 9PM,1063.44,158,Wednesday
13369,SEA/TCA WA CP-0024,2011-01-26,EVENING,9PM - Close,240.11,33,Wednesday
13369,SEA/TCA WA CP-0024,2011-01-26,LATE NIGHT,11PM - 5AM,0.0,0,Wednesday
13369,SEA/TCA WA CP-0024,2011-01-26,LUNCH,11AM -  2PM,1321.2,245,Wednesday
13369,SEA/TCA WA CP-0024,2011-01-26,MORNING,Open - 11AM,924.24,207,Wednesday
13369,SEA/TCA WA CP-0024,2011-01-26,REGULAR MENU,10:30AM (11AM weekend) - Close,3173.14,535,Wednesday
13369,SEA/TCA WA CP-0024,2011-01-26,TOTAL DAY,All hours,4016.24,724,Wednesday
13369,SEA/TCA WA CP-0024,2011-01-27,AFTER 4PM,4PM - Close,1323.21,189,Thursday
13369,SEA/TCA WA CP-0024,2011-01-27,AFTERNOON,2PM - 4PM,481.08,94,Thursday
13369,SEA/TCA WA CP-0024,2011-01-27,BREAKFAST,Open - 10:30AM (11AM weekend),942.2,201,Thursday
13369,SEA/TCA WA CP-0024,2011-01-27,DINNER,4PM - 9PM,1112.48,163,Thursday
13369,SEA/TCA WA CP-0024,2011-01-27,EVENING,9PM - Close,210.73,26,Thursday
13369,SEA/TCA WA CP-0024,2011-01-27,LATE NIGHT,11PM - 5AM,0.0,0,Thursday
13369,SEA/TCA WA CP-0024,2011-01-27,LUNCH,11AM -  2PM,1383.53,256,Thursday
13369,SEA/TCA WA CP-0024,2011-01-27,MORNING,Open - 11AM,1015.05,212,Thursday
13369,SEA/TCA WA CP-0024,2011-01-27,REGULAR MENU,10:30AM (11AM weekend) - Close,3260.67,550,Thursday
13369,SEA/TCA WA CP-0024,2011-01-27,TOTAL DAY,All hours,4202.87,751,Thursday
13369,SEA/TCA WA CP-0024,2011-01-28,AFTER 4PM,4PM - Close,1449.7,196,Friday
13369,SEA/TCA WA CP-0024,2011-01-28,AFTERNOON,2PM - 4PM,523.19,83,Friday
13369,SEA/TCA WA CP-0024,2011-01-28,BREAKFAST,Open - 10:30AM (11AM weekend),1083.95,219,Friday
13369,SEA/TCA WA CP-0024,2011-01-28,DINNER,4PM - 9PM,1276.67,167,Friday
13369,SEA/TCA WA CP-0024,2011-01-28,EVENING,9PM - Close,173.03,29,Friday
13369,SEA/TCA WA CP-0024,2011-01-28,LATE NIGHT,11PM - 5AM,0.0,0,Friday
13369,SEA/TCA WA CP-0024,2011-01-28,LUNCH,11AM -  2PM,1578.97,251,Friday
13369,SEA/TCA WA CP-0024,2011-01-28,MORNING,Open - 11AM,1229.77,246,Friday
13369,SEA/TCA WA CP-0024,2011-01-28,REGULAR MENU,10:30AM (11AM weekend) - Close,3697.68,557,Friday
13369,SEA/TCA WA CP-0024,2011-01-28,TOTAL DAY,All hours,4781.63,776,Friday
13369,SEA/TCA WA CP-0024,2011-01-29,AFTER 4PM,4PM - Close,1060.71,151,Saturday
13369,SEA/TCA WA CP-0024,2011-01-29,AFTERNOON,2PM - 4PM,505.48,71,Saturday
13369,SEA/TCA WA CP-0024,2011-01-29,BREAKFAST,Open - 10:30AM (11AM weekend),1074.87,156,Saturday
13369,SEA/TCA WA CP-0024,2011-01-29,DINNER,4PM - 9PM,896.32,126,Saturday
13369,SEA/TCA WA CP-0024,2011-01-29,EVENING,9PM - Close,164.39,25,Saturday
13369,SEA/TCA WA CP-0024,2011-01-29,LATE NIGHT,11PM - 5AM,4.88,1,Saturday
13369,SEA/TCA WA CP-0024,2011-01-29,LUNCH,11AM -  2PM,800.58,122,Saturday
13369,SEA/TCA WA CP-0024,2011-01-29,MORNING,Open - 11AM,1074.87,156,Saturday
13369,SEA/TCA WA CP-0024,2011-01-29,REGULAR MENU,10:30AM (11AM weekend) - Close,2366.77,344,Saturday
13369,SEA/TCA WA CP-0024,2011-01-29,TOTAL DAY,All hours,3441.64,500,Saturday
13369,SEA/TCA WA CP-0024,2011-01-30,AFTER 4PM,4PM - Close,1227.83,173,Sunday
13369,SEA/TCA WA CP-0024,2011-01-30,AFTERNOON,2PM - 4PM,572.6,69,Sunday
13369,SEA/TCA WA CP-0024,2011-01-30,BREAKFAST,Open - 10:30AM (11AM weekend),627.12,85,Sunday
13369,SEA/TCA WA CP-0024,2011-01-30,DINNER,4PM - 9PM,1056.37,147,Sunday
13369,SEA/TCA WA CP-0024,2011-01-30,EVENING,9PM - Close,171.46,26,Sunday
13369,SEA/TCA WA CP-0024,2011-01-30,LATE NIGHT,11PM - 5AM,0.0,0,Sunday
13369,SEA/TCA WA CP-0024,2011-01-30,LUNCH,11AM -  2PM,847.39,116,Sunday
13369,SEA/TCA WA CP-0024,2011-01-30,MORNING,Open - 11AM,627.12,85,Sunday
13369,SEA/TCA WA CP-0024,2011-01-30,REGULAR MENU,10:30AM (11AM weekend) - Close,2647.82,358,Sunday
13369,SEA/TCA WA CP-0024,2011-01-30,TOTAL DAY,All hours,3274.94,443,Sunday
13369,SEA/TCA WA CP-0024,2011-01-31,AFTER 4PM,4PM - Close,1312.19,211,Monday
13369,SEA/TCA WA CP-0024,2011-01-31,AFTERNOON,2PM - 4PM,519.66,89,Monday
13369,SEA/TCA WA CP-0024,2011-01-31,BREAKFAST,Open - 10:30AM (11AM weekend),717.55,165,Monday
13369,SEA/TCA WA CP-0024,2011-01-31,DINNER,4PM - 9PM,1058.79,174,Monday
13369,SEA/TCA WA CP-0024,2011-01-31,EVENING,9PM - Close,253.4,37,Monday
13369,SEA/TCA WA CP-0024,2011-01-31,LATE NIGHT,11PM - 5AM,0.0,0,Monday
13369,SEA/TCA WA CP-0024,2011-01-31,LUNCH,11AM -  2PM,1564.43,259,Monday
13369,SEA/TCA WA CP-0024,2011-01-31,MORNING,Open - 11AM,845.23,185,Monday
13369,SEA/TCA WA CP-0024,2011-01-31,REGULAR MENU,10:30AM (11AM weekend) - Close,3523.96,579,Monday
13369,SEA/TCA WA CP-0024,2011-01-31,TOTAL DAY,All hours,4241.51,744,Monday
13604,SEA/TCA WA CP-0024,2011-01-01,AFTER 4PM,4PM - Close,1334.45,195,Saturday
13604,SEA/TCA WA CP-0024,2011-01-01,AFTERNOON,2PM - 4PM,486.36,90,Saturday
13604,SEA/TCA WA CP-0024,2011-01-01,BREAKFAST,Open - 10:30AM (11AM weekend),633.15,91,Saturday
13604,SEA/TCA WA CP-0024,2011-01-01,DINNER,4PM - 9PM,1185.82,173,Saturday
13604,SEA/TCA WA CP-0024,2011-01-01,EVENING,9PM - Close,148.63,22,Saturday
13604,SEA/TCA WA CP-0024,2011-01-01,LATE NIGHT,11PM - 5AM,0.0,0,Saturday
13604,SEA/TCA WA CP-0024,2011-01-01,LUNCH,11AM -  2PM,924.98,127,Saturday
13604,SEA/TCA WA CP-0024,2011-01-01,MORNING,Open - 11AM,633.15,91,Saturday
13604,SEA/TCA WA CP-0024,2011-01-01,REGULAR MENU,10:30AM (11AM weekend) - Close,2745.79,412,Saturday
13604,SEA/TCA WA CP-0024,2011-01-01,TOTAL DAY,All hours,3378.94,503,Saturday
13604,SEA/TCA WA CP-0024,2011-01-02,AFTER 4PM,4PM - Close,979.18,158,Sunday
13604,SEA/TCA WA CP-0024,2011-01-02,AFTERNOON,2PM - 4PM,451.17,76,Sunday
13604,SEA/TCA WA CP-0024,2011-01-02,BREAKFAST,Open - 10:30AM (11AM weekend),644.54,127,Sunday
13604,SEA/TCA WA CP-0024,2011-01-02,DINNER,4PM - 9PM,876.54,142,Sunday
13604,SEA/TCA WA CP-0024,2011-01-02,EVENING,9PM - Close,102.64,16,Sunday
13604,SEA/TCA WA CP-0024,2011-01-02,LATE NIGHT,11PM - 5AM,0.0,0,Sunday
13604,SEA/TCA WA CP-0024,2011-01-02,LUNCH,11AM -  2PM,743.75,119,Sunday
13604,SEA/TCA WA CP-0024,2011-01-02,MORNING,Open - 11AM,644.54,127,Sunday
13604,SEA/TCA WA CP-0024,2011-01-02,REGULAR MENU,10:30AM (11AM weekend) - Close,2174.1,353,Sunday
13604,SEA/TCA WA CP-0024,2011-01-02,TOTAL DAY,All hours,2818.64,480,Sunday
13604,SEA/TCA WA CP-0024,2011-01-03,AFTER 4PM,4PM - Close,1285.71,194,Monday
13604,SEA/TCA WA CP-0024,2011-01-03,AFTERNOON,2PM - 4PM,635.72,136,Monday
13604,SEA/TCA WA CP-0024,2011-01-03,BREAKFAST,Open - 10:30AM (11AM weekend),745.87,185,Monday
13604,SEA/TCA WA CP-0024,2011-01-03,DINNER,4PM - 9PM,1155.84,174,Monday
13604,SEA/TCA WA CP-0024,2011-01-03,EVENING,9PM - Close,129.87,20,Monday
13604,SEA/TCA WA CP-0024,2011-01-03,LATE NIGHT,11PM - 5AM,0.0,0,Monday
13604,SEA/TCA WA CP-0024,2011-01-03,LUNCH,11AM -  2PM,963.37,211,Monday
13604,SEA/TCA WA CP-0024,2011-01-03,MORNING,Open - 11AM,792.13,195,Monday
13604,SEA/TCA WA CP-0024,2011-01-03,REGULAR MENU,10:30AM (11AM weekend) - Close,2931.06,551,Monday
13604,SEA/TCA WA CP-0024,2011-01-03,TOTAL DAY,All hours,3676.93,736,Monday
13604,SEA/TCA WA CP-0024,2011-01-04,AFTER 4PM,4PM - Close,1478.35,244,Tuesday
13604,SEA/TCA WA CP-0024,2011-01-04,AFTERNOON,2PM - 4PM,619.49,118,Tuesday
13604,SEA/TCA WA CP-0024,2011-01-04,BREAKFAST,Open - 10:30AM (11AM weekend),866.27,206,Tuesday
13604,SEA/TCA WA CP-0024,2011-01-04,DINNER,4PM - 9PM,1307.62,217,Tuesday
13604,SEA/TCA WA CP-0024,2011-01-04,EVENING,9PM - Close,170.73,27,Tuesday
13604,SEA/TCA WA CP-0024,2011-01-04,LATE NIGHT,11PM - 5AM,0.0,0,Tuesday
13604,SEA/TCA WA CP-0024,2011-01-04,LUNCH,11AM -  2PM,1064.72,225,Tuesday
13604,SEA/TCA WA CP-0024,2011-01-04,MORNING,Open - 11AM,909.96,219,Tuesday
13604,SEA/TCA WA CP-0024,2011-01-04,REGULAR MENU,10:30AM (11AM weekend) - Close,3206.25,600,Tuesday
13604,SEA/TCA WA CP-0024,2011-01-04,TOTAL DAY,All hours,4072.52,806,Tuesday
13604,SEA/TCA WA CP-0024,2011-01-05,AFTER 4PM,4PM - Close,1220.01,213,Wednesday
13604,SEA/TCA WA CP-0024,2011-01-05,AFTERNOON,2PM - 4PM,599.71,117,Wednesday
13604,SEA/TCA WA CP-0024,2011-01-05,BREAKFAST,Open - 10:30AM (11AM weekend),745.29,182,Wednesday
13604,SEA/TCA WA CP-0024,2011-01-05,DINNER,4PM - 9PM,1133.57,194,Wednesday
13604,SEA/TCA WA CP-0024,2011-01-05,EVENING,9PM - Close,86.44,19,Wednesday
13604,SEA/TCA WA CP-0024,2011-01-05,LATE NIGHT,11PM - 5AM,0.0,0,Wednesday
13604,SEA/TCA WA CP-0024,2011-01-05,LUNCH,11AM -  2PM,1019.82,207,Wednesday
13604,SEA/TCA WA CP-0024,2011-01-05,MORNING,Open - 11AM,808.78,198,Wednesday
13604,SEA/TCA WA CP-0024,2011-01-05,REGULAR MENU,10:30AM (11AM weekend) - Close,2903.03,553,Wednesday
13604,SEA/TCA WA CP-0024,2011-01-05,TOTAL DAY,All hours,3648.32,735,Wednesday
13604,SEA/TCA WA CP-0024,2011-01-06,AFTER 4PM,4PM - Close,1529.65,257,Thursday
13604,SEA/TCA WA CP-0024,2011-01-06,AFTERNOON,2PM - 4PM,547.23,119,Thursday
13604,SEA/TCA WA CP-0024,2011-01-06,BREAKFAST,Open - 10:30AM (11AM weekend),695.86,168,Thursday
13604,SEA/TCA WA CP-0024,2011-01-06,DINNER,4PM - 9PM,1392.14,231,Thursday
13604,SEA/TCA WA CP-0024,2011-01-06,EVENING,9PM - Close,137.51,26,Thursday
13604,SEA/TCA WA CP-0024,2011-01-06,LATE NIGHT,11PM - 5AM,0.0,0,Thursday
13604,SEA/TCA WA CP-0024,2011-01-06,LUNCH,11AM -  2PM,1173.26,222,Thursday
13604,SEA/TCA WA CP-0024,2011-01-06,MORNING,Open - 11AM,777.78,188,Thursday
13604,SEA/TCA WA CP-0024,2011-01-06,REGULAR MENU,10:30AM (11AM weekend) - Close,3332.06,618,Thursday
13604,SEA/TCA WA CP-0024,2011-01-06,TOTAL DAY,All hours,4027.92,786,Thursday
13604,SEA/TCA WA CP-0024,2011-01-07,AFTER 4PM,4PM - Close,2142.48,335,Friday
13604,SEA/TCA WA CP-0024,2011-01-07,AFTERNOON,2PM - 4PM,675.18,144,Friday
13604,SEA/TCA WA CP-0024,2011-01-07,BREAKFAST,Open - 10:30AM (11AM weekend),767.08,188,Friday
13604,SEA/TCA WA CP-0024,2011-01-07,DINNER,4PM - 9PM,1774.18,266,Friday
13604,SEA/TCA WA CP-0024,2011-01-07,EVENING,9PM - Close,368.3,69,Friday
13604,SEA/TCA WA CP-0024,2011-01-07,LATE NIGHT,11PM - 5AM,14.06,3,Friday
13604,SEA/TCA WA CP-0024,2011-01-07,LUNCH,11AM -  2PM,1170.26,225,Friday
13604,SEA/TCA WA CP-0024,2011-01-07,MORNING,Open - 11AM,813.95,198,Friday
13604,SEA/TCA WA CP-0024,2011-01-07,REGULAR MENU,10:30AM (11AM weekend) - Close,4034.79,714,Friday
13604,SEA/TCA WA CP-0024,2011-01-07,TOTAL DAY,All hours,4801.87,902,Friday
13604,SEA/TCA WA CP-0024,2011-01-08,AFTER 4PM,4PM - Close,1379.81,234,Saturday
13604,SEA/TCA WA CP-0024,2011-01-08,AFTERNOON,2PM - 4PM,636.19,107,Saturday
13604,SEA/TCA WA CP-0024,2011-01-08,BREAKFAST,Open - 10:30AM (11AM weekend),1139.55,202,Saturday
13604,SEA/TCA WA CP-0024,2011-01-08,DINNER,4PM - 9PM,1188.11,199,Saturday
13604,SEA/TCA WA CP-0024,2011-01-08,EVENING,9PM - Close,191.7,35,Saturday
13604,SEA/TCA WA CP-0024,2011-01-08,LATE NIGHT,11PM - 5AM,0.0,0,Saturday
13604,SEA/TCA WA CP-0024,2011-01-08,LUNCH,11AM -  2PM,1086.97,175,Saturday
13604,SEA/TCA WA CP-0024,2011-01-08,MORNING,Open - 11AM,1139.55,202,Saturday
13604,SEA/TCA WA CP-0024,2011-01-08,REGULAR MENU,10:30AM (11AM weekend) - Close,3102.97,516,Saturday
13604,SEA/TCA WA CP-0024,2011-01-08,TOTAL DAY,All hours,4242.52,718,Saturday
13604,SEA/TCA WA CP-0024,2011-01-09,AFTER 4PM,4PM - Close,1200.7,181,Sunday
13604,SEA/TCA WA CP-0024,2011-01-09,AFTERNOON,2PM - 4PM,546.37,86,Sunday
13604,SEA/TCA WA CP-0024,2011-01-09,BREAKFAST,Open - 10:30AM (11AM weekend),912.9,164,Sunday
13604,SEA/TCA WA CP-0024,2011-01-09,DINNER,4PM - 9PM,1078.38,160,Sunday
13604,SEA/TCA WA CP-0024,2011-01-09,EVENING,9PM - Close,122.32,21,Sunday
13604,SEA/TCA WA CP-0024,2011-01-09,LATE NIGHT,11PM - 5AM,0.0,0,Sunday
13604,SEA/TCA WA CP-0024,2011-01-09,LUNCH,11AM -  2PM,784.84,125,Sunday
13604,SEA/TCA WA CP-0024,2011-01-09,MORNING,Open - 11AM,912.9,164,Sunday
13604,SEA/TCA WA CP-0024,2011-01-09,REGULAR MENU,10:30AM (11AM weekend) - Close,2531.91,392,Sunday
13604,SEA/TCA WA CP-0024,2011-01-09,TOTAL DAY,All hours,3444.81,556,Sunday
13604,SEA/TCA WA CP-0024,2011-01-10,AFTER 4PM,4PM - Close,1072.31,196,Monday
13604,SEA/TCA WA CP-0024,2011-01-10,AFTERNOON,2PM - 4PM,490.54,111,Monday
13604,SEA/TCA WA CP-0024,2011-01-10,BREAKFAST,Open - 10:30AM (11AM weekend),673.46,170,Monday
13604,SEA/TCA WA CP-0024,2011-01-10,DINNER,4PM - 9PM,947.94,170,Monday
13604,SEA/TCA WA CP-0024,2011-01-10,EVENING,9PM - Close,124.37,26,Monday
13604,SEA/TCA WA CP-0024,2011-01-10,LATE NIGHT,11PM - 5AM,0.0,0,Monday
13604,SEA/TCA WA CP-0024,2011-01-10,LUNCH,11AM -  2PM,1242.72,225,Monday
13604,SEA/TCA WA CP-0024,2011-01-10,MORNING,Open - 11AM,731.26,188,Monday
13604,SEA/TCA WA CP-0024,2011-01-10,REGULAR MENU,10:30AM (11AM weekend) - Close,2863.37,550,Monday
13604,SEA/TCA WA CP-0024,2011-01-10,TOTAL DAY,All hours,3536.83,720,Monday
13604,SEA/TCA WA CP-0024,2011-01-11,AFTER 4PM,4PM - Close,973.12,159,Tuesday
13604,SEA/TCA WA CP-0024,2011-01-11,AFTERNOON,2PM - 4PM,594.91,127,Tuesday
13604,SEA/TCA WA CP-0024,2011-01-11,BREAKFAST,Open - 10:30AM (11AM weekend),843.49,201,Tuesday
13604,SEA/TCA WA CP-0024,2011-01-11,DINNER,4PM - 9PM,960.35,155,Tuesday
13604,SEA/TCA WA CP-0024,2011-01-11,EVENING,9PM - Close,12.77,4,Tuesday
13604,SEA/TCA WA CP-0024,2011-01-11,LATE NIGHT,11PM - 5AM,0.0,0,Tuesday
13604,SEA/TCA WA CP-0024,2011-01-11,LUNCH,11AM -  2PM,980.14,215,Tuesday
13604,SEA/TCA WA CP-0024,2011-01-11,MORNING,Open - 11AM,881.97,213,Tuesday
13604,SEA/TCA WA CP-0024,2011-01-11,REGULAR MENU,10:30AM (11AM weekend) - Close,2586.65,513,Tuesday
13604,SEA/TCA WA CP-0024,2011-01-11,TOTAL DAY,All hours,3430.14,714,Tuesday
13604,SEA/TCA WA CP-0024,2011-01-12,AFTER 4PM,4PM - Close,1435.39,248,Wednesday
13604,SEA/TCA WA CP-0024,2011-01-12,AFTERNOON,2PM - 4PM,482.7,110,Wednesday
13604,SEA/TCA WA CP-0024,2011-01-12,BREAKFAST,Open - 10:30AM (11AM weekend),667.52,131,Wednesday
13604,SEA/TCA WA CP-0024,2011-01-12,DINNER,4PM - 9PM,1285.89,220,Wednesday
13604,SEA/TCA WA CP-0024,2011-01-12,EVENING,9PM - Close,149.5,28,Wednesday
13604,SEA/TCA WA CP-0024,2011-01-12,LATE NIGHT,11PM - 5AM,0.0,0,Wednesday
13604,SEA/TCA WA CP-0024,2011-01-12,LUNCH,11AM -  2PM,997.88,208,Wednesday
13604,SEA/TCA WA CP-0024,2011-01-12,MORNING,Open - 11AM,755.24,153,Wednesday
13604,SEA/TCA WA CP-0024,2011-01-12,REGULAR MENU,10:30AM (11AM weekend) - Close,3003.69,588,Wednesday
13604,SEA/TCA WA CP-0024,2011-01-12,TOTAL DAY,All hours,3671.21,719,Wednesday
13604,SEA/TCA WA CP-0024,2011-01-13,AFTER 4PM,4PM - Close,1502.23,260,Thursday
13604,SEA/TCA WA CP-0024,2011-01-13,AFTERNOON,2PM - 4PM,781.4,170,Thursday
13604,SEA/TCA WA CP-0024,2011-01-13,BREAKFAST,Open - 10:30AM (11AM weekend),725.39,174,Thursday
13604,SEA/TCA WA CP-0024,2011-01-13,DINNER,4PM - 9PM,1268.07,218,Thursday
13604,SEA/TCA WA CP-0024,2011-01-13,EVENING,9PM - Close,234.16,42,Thursday
13604,SEA/TCA WA CP-0024,2011-01-13,LATE NIGHT,11PM - 5AM,0.0,0,Thursday
13604,SEA/TCA WA CP-0024,2011-01-13,LUNCH,11AM -  2PM,1349.3,261,Thursday
13604,SEA/TCA WA CP-0024,2011-01-13,MORNING,Open - 11AM,781.76,192,Thursday
13604,SEA/TCA WA CP-0024,2011-01-13,REGULAR MENU,10:30AM (11AM weekend) - Close,3689.3,709,Thursday
13604,SEA/TCA WA CP-0024,2011-01-13,TOTAL DAY,All hours,4414.69,883,Thursday
13604,SEA/TCA WA CP-0024,2011-01-14,AFTER 4PM,4PM - Close,1546.77,244,Friday
13604,SEA/TCA WA CP-0024,2011-01-14,AFTERNOON,2PM - 4PM,568.45,118,Friday
13604,SEA/TCA WA CP-0024,2011-01-14,BREAKFAST,Open - 10:30AM (11AM weekend),816.31,179,Friday
13604,SEA/TCA WA CP-0024,2011-01-14,DINNER,4PM - 9PM,1407.58,222,Friday
13604,SEA/TCA WA CP-0024,2011-01-14,EVENING,9PM - Close,139.19,22,Friday
13604,SEA/TCA WA CP-0024,2011-01-14,LATE NIGHT,11PM - 5AM,0.0,0,Friday
13604,SEA/TCA WA CP-0024,2011-01-14,LUNCH,11AM -  2PM,1200.35,218,Friday
13604,SEA/TCA WA CP-0024,2011-01-14,MORNING,Open - 11AM,884.18,193,Friday
13604,SEA/TCA WA CP-0024,2011-01-14,REGULAR MENU,10:30AM (11AM weekend) - Close,3383.44,594,Friday
13604,SEA/TCA WA CP-0024,2011-01-14,TOTAL DAY,All hours,4199.75,773,Friday
13604,SEA/TCA WA CP-0024,2011-01-15,AFTER 4PM,4PM - Close,1656.24,286,Saturday
13604,SEA/TCA WA CP-0024,2011-01-15,AFTERNOON,2PM - 4PM,636.47,109,Saturday
13604,SEA/TCA WA CP-0024,2011-01-15,BREAKFAST,Open - 10:30AM (11AM weekend),1173.74,215,Saturday
13604,SEA/TCA WA CP-0024,2011-01-15,DINNER,4PM - 9PM,1409.02,249,Saturday
13604,SEA/TCA WA CP-0024,2011-01-15,EVENING,9PM - Close,247.22,37,Saturday
13604,SEA/TCA WA CP-0024,2011-01-15,LATE NIGHT,11PM - 5AM,5.17,1,Saturday
13604,SEA/TCA WA CP-0024,2011-01-15,LUNCH,11AM -  2PM,1354.52,217,Saturday
13604,SEA/TCA WA CP-0024,2011-01-15,MORNING,Open - 11AM,1173.74,215,Saturday
13604,SEA/TCA WA CP-0024,2011-01-15,REGULAR MENU,10:30AM (11AM weekend) - Close,3647.23,612,Saturday
13604,SEA/TCA WA CP-0024,2011-01-15,TOTAL DAY,All hours,4820.97,827,Saturday
13604,SEA/TCA WA CP-0024,2011-01-16,AFTER 4PM,4PM - Close,1356.52,209,Sunday
13604,SEA/TCA WA CP-0024,2011-01-16,AFTERNOON,2PM - 4PM,534.92,90,Sunday
13604,SEA/TCA WA CP-0024,2011-01-16,BREAKFAST,Open - 10:30AM (11AM weekend),957.3,156,Sunday
13604,SEA/TCA WA CP-0024,2011-01-16,DINNER,4PM - 9PM,1187.47,183,Sunday
13604,SEA/TCA WA CP-0024,2011-01-16,EVENING,9PM - Close,169.05,26,Sunday
13604,SEA/TCA WA CP-0024,2011-01-16,LATE NIGHT,11PM - 5AM,0.0,0,Sunday
13604,SEA/TCA WA CP-0024,2011-01-16,LUNCH,11AM -  2PM,807.56,117,Sunday
13604,SEA/TCA WA CP-0024,2011-01-16,MORNING,Open - 11AM,957.3,156,Sunday
13604,SEA/TCA WA CP-0024,2011-01-16,REGULAR MENU,10:30AM (11AM weekend) - Close,2699.0,416,Sunday
13604,SEA/TCA WA CP-0024,2011-01-16,TOTAL DAY,All hours,3656.3,572,Sunday
13604,SEA/TCA WA CP-0024,2011-01-17,AFTER 4PM,4PM - Close,910.81,169,Monday
13604,SEA/TCA WA CP-0024,2011-01-17,AFTERNOON,2PM - 4PM,438.38,87,Monday
13604,SEA/TCA WA CP-0024,2011-01-17,BREAKFAST,Open - 10:30AM (11AM weekend),583.88,129,Monday
13604,SEA/TCA WA CP-0024,2011-01-17,DINNER,4PM - 9PM,839.55,152,Monday
13604,SEA/TCA WA CP-0024,2011-01-17,EVENING,9PM - Close,71.26,17,Monday
13604,SEA/TCA WA CP-0024,2011-01-17,LATE NIGHT,11PM - 5AM,0.0,0,Monday
13604,SEA/TCA WA CP-0024,2011-01-17,LUNCH,11AM -  2PM,1157.98,175,Monday
13604,SEA/TCA WA CP-0024,2011-01-17,MORNING,Open - 11AM,616.91,140,Monday
13604,SEA/TCA WA CP-0024,2011-01-17,REGULAR MENU,10:30AM (11AM weekend) - Close,2540.2,442,Monday
13604,SEA/TCA WA CP-0024,2011-01-17,TOTAL DAY,All hours,3124.08,571,Monday
13604,SEA/TCA WA CP-0024,2011-01-18,AFTER 4PM,4PM - Close,1459.2,251,Tuesday
13604,SEA/TCA WA CP-0024,2011-01-18,AFTERNOON,2PM - 4PM,614.42,127,Tuesday
13604,SEA/TCA WA CP-0024,2011-01-18,BREAKFAST,Open - 10:30AM (11AM weekend),648.26,163,Tuesday
13604,SEA/TCA WA CP-0024,2011-01-18,DINNER,4PM - 9PM,1145.57,205,Tuesday
13604,SEA/TCA WA CP-0024,2011-01-18,EVENING,9PM - Close,313.63,46,Tuesday
13604,SEA/TCA WA CP-0024,2011-01-18,LATE NIGHT,11PM - 5AM,0.0,0,Tuesday
13604,SEA/TCA WA CP-0024,2011-01-18,LUNCH,11AM -  2PM,1033.64,210,Tuesday
13604,SEA/TCA WA CP-0024,2011-01-18,MORNING,Open - 11AM,692.08,178,Tuesday
13604,SEA/TCA WA CP-0024,2011-01-18,REGULAR MENU,10:30AM (11AM weekend) - Close,3151.08,603,Tuesday
13604,SEA/TCA WA CP-0024,2011-01-18,TOTAL DAY,All hours,3799.34,766,Tuesday
13604,SEA/TCA WA CP-0024,2011-01-19,AFTER 4PM,4PM - Close,1622.42,266,Wednesday
13604,SEA/TCA WA CP-0024,2011-01-19,AFTERNOON,2PM - 4PM,664.04,147,Wednesday
13604,SEA/TCA WA CP-0024,2011-01-19,BREAKFAST,Open - 10:30AM (11AM weekend),686.15,171,Wednesday
13604,SEA/TCA WA CP-0024,2011-01-19,DINNER,4PM - 9PM,1425.18,233,Wednesday
13604,SEA/TCA WA CP-0024,2011-01-19,EVENING,9PM - Close,197.24,33,Wednesday
13604,SEA/TCA WA CP-0024,2011-01-19,LATE NIGHT,11PM - 5AM,0.0,0,Wednesday
13604,SEA/TCA WA CP-0024,2011-01-19,LUNCH,11AM -  2PM,1022.7,211,Wednesday
13604,SEA/TCA WA CP-0024,2011-01-19,MORNING,Open - 11AM,737.11,185,Wednesday
13604,SEA/TCA WA CP-0024,2011-01-19,REGULAR MENU,10:30AM (11AM weekend) - Close,3360.12,638,Wednesday
13604,SEA/TCA WA CP-0024,2011-01-19,TOTAL DAY,All hours,4046.27,809,Wednesday
13604,SEA/TCA WA CP-0024,2011-01-20,AFTER 4PM,4PM - Close,1788.61,274,Thursday
13604,SEA/TCA WA CP-0024,2011-01-20,AFTERNOON,2PM - 4PM,550.8,128,Thursday
13604,SEA/TCA WA CP-0024,2011-01-20,BREAKFAST,Open - 10:30AM (11AM weekend),769.78,182,Thursday
13604,SEA/TCA WA CP-0024,2011-01-20,DINNER,4PM - 9PM,1570.99,240,Thursday
13604,SEA/TCA WA CP-0024,2011-01-20,EVENING,9PM - Close,217.62,34,Thursday
13604,SEA/TCA WA CP-0024,2011-01-20,LATE NIGHT,11PM - 5AM,0.0,0,Thursday
13604,SEA/TCA WA CP-0024,2011-01-20,LUNCH,11AM -  2PM,937.13,199,Thursday
13604,SEA/TCA WA CP-0024,2011-01-20,MORNING,Open - 11AM,815.48,193,Thursday
13604,SEA/TCA WA CP-0024,2011-01-20,REGULAR MENU,10:30AM (11AM weekend) - Close,3322.24,612,Thursday
13604,SEA/TCA WA CP-0024,2011-01-20,TOTAL DAY,All hours,4092.02,794,Thursday
13604,SEA/TCA WA CP-0024,2011-01-21,AFTER 4PM,4PM - Close,1694.46,272,Friday
13604,SEA/TCA WA CP-0024,2011-01-21,AFTERNOON,2PM - 4PM,709.82,144,Friday
13604,SEA/TCA WA CP-0024,2011-01-21,BREAKFAST,Open - 10:30AM (11AM weekend),932.25,218,Friday
13604,SEA/TCA WA CP-0024,2011-01-21,DINNER,4PM - 9PM,1402.64,224,Friday
13604,SEA/TCA WA CP-0024,2011-01-21,EVENING,9PM - Close,291.82,48,Friday
13604,SEA/TCA WA CP-0024,2011-01-21,LATE NIGHT,11PM - 5AM,0.0,0,Friday
13604,SEA/TCA WA CP-0024,2011-01-21,LUNCH,11AM -  2PM,1177.09,210,Friday
13604,SEA/TCA WA CP-0024,2011-01-21,MORNING,Open - 11AM,1016.03,239,Friday
13604,SEA/TCA WA CP-0024,2011-01-21,REGULAR MENU,10:30AM (11AM weekend) - Close,3665.15,647,Friday
13604,SEA/TCA WA CP-0024,2011-01-21,TOTAL DAY,All hours,4597.4,865,Friday
13604,SEA/TCA WA CP-0024,2011-01-22,AFTER 4PM,4PM - Close,1440.85,251,Saturday
13604,SEA/TCA WA CP-0024,2011-01-22,AFTERNOON,2PM - 4PM,664.77,103,Saturday
13604,SEA/TCA WA CP-0024,2011-01-22,BREAKFAST,Open - 10:30AM (11AM weekend),994.54,188,Saturday
13604,SEA/TCA WA CP-0024,2011-01-22,DINNER,4PM - 9PM,1202.88,212,Saturday
13604,SEA/TCA WA CP-0024,2011-01-22,EVENING,9PM - Close,237.97,39,Saturday
13604,SEA/TCA WA CP-0024,2011-01-22,LATE NIGHT,11PM - 5AM,0.0,0,Saturday
13604,SEA/TCA WA CP-0024,2011-01-22,LUNCH,11AM -  2PM,904.53,158,Saturday
13604,SEA/TCA WA CP-0024,2011-01-22,MORNING,Open - 11AM,994.54,188,Saturday
13604,SEA/TCA WA CP-0024,2011-01-22,REGULAR MENU,10:30AM (11AM weekend) - Close,3010.15,512,Saturday
13604,SEA/TCA WA CP-0024,2011-01-22,TOTAL DAY,All hours,4004.69,700,Saturday
13604,SEA/TCA WA CP-0024,2011-01-23,AFTER 4PM,4PM - Close,1125.6,181,Sunday
13604,SEA/TCA WA CP-0024,2011-01-23,AFTERNOON,2PM - 4PM,534.47,92,Sunday
13604,SEA/TCA WA CP-0024,2011-01-23,BREAKFAST,Open - 10:30AM (11AM weekend),864.09,142,Sunday
13604,SEA/TCA WA CP-0024,2011-01-23,DINNER,4PM - 9PM,998.39,161,Sunday
13604,SEA/TCA WA CP-0024,2011-01-23,EVENING,9PM - Close,127.21,20,Sunday
13604,SEA/TCA WA CP-0024,2011-01-23,LATE NIGHT,11PM - 5AM,0.0,0,Sunday
13604,SEA/TCA WA CP-0024,2011-01-23,LUNCH,11AM -  2PM,921.88,148,Sunday
13604,SEA/TCA WA CP-0024,2011-01-23,MORNING,Open - 11AM,864.09,142,Sunday
13604,SEA/TCA WA CP-0024,2011-01-23,REGULAR MENU,10:30AM (11AM weekend) - Close,2581.95,421,Sunday
13604,SEA/TCA WA CP-0024,2011-01-23,TOTAL DAY,All hours,3446.04,563,Sunday
13604,SEA/TCA WA CP-0024,2011-01-24,AFTER 4PM,4PM - Close,1352.79,226,Monday
13604,SEA/TCA WA CP-0024,2011-01-24,AFTERNOON,2PM - 4PM,694.38,141,Monday
13604,SEA/TCA WA CP-0024,2011-01-24,BREAKFAST,Open - 10:30AM (11AM weekend),685.72,181,Monday
13604,SEA/TCA WA CP-0024,2011-01-24,DINNER,4PM - 9PM,1161.09,189,Monday
13604,SEA/TCA WA CP-0024,2011-01-24,EVENING,9PM - Close,191.7,37,Monday
13604,SEA/TCA WA CP-0024,2011-01-24,LATE NIGHT,11PM - 5AM,0.0,0,Monday
13604,SEA/TCA WA CP-0024,2011-01-24,LUNCH,11AM -  2PM,1093.28,224,Monday
13604,SEA/TCA WA CP-0024,2011-01-24,MORNING,Open - 11AM,728.62,192,Monday
13604,SEA/TCA WA CP-0024,2011-01-24,REGULAR MENU,10:30AM (11AM weekend) - Close,3183.35,602,Monday
13604,SEA/TCA WA CP-0024,2011-01-24,TOTAL DAY,All hours,3869.07,783,Monday
13604,SEA/TCA WA CP-0024,2011-01-25,AFTER 4PM,4PM - Close,1252.29,215,Tuesday
13604,SEA/TCA WA CP-0024,2011-01-25,AFTERNOON,2PM - 4PM,524.87,127,Tuesday
13604,SEA/TCA WA CP-0024,2011-01-25,BREAKFAST,Open - 10:30AM (11AM weekend),759.02,172,Tuesday
13604,SEA/TCA WA CP-0024,2011-01-25,DINNER,4PM - 9PM,1247.9,214,Tuesday
13604,SEA/TCA WA CP-0024,2011-01-25,EVENING,9PM - Close,4.39,1,Tuesday
13604,SEA/TCA WA CP-0024,2011-01-25,LATE NIGHT,11PM - 5AM,0.0,0,Tuesday
13604,SEA/TCA WA CP-0024,2011-01-25,LUNCH,11AM -  2PM,949.86,201,Tuesday
13604,SEA/TCA WA CP-0024,2011-01-25,MORNING,Open - 11AM,837.66,187,Tuesday
13604,SEA/TCA WA CP-0024,2011-01-25,REGULAR MENU,10:30AM (11AM weekend) - Close,2805.66,558,Tuesday
13604,SEA/TCA WA CP-0024,2011-01-25,TOTAL DAY,All hours,3564.68,730,Tuesday
13604,SEA/TCA WA CP-0024,2011-01-26,AFTER 4PM,4PM - Close,1283.17,227,Wednesday
13604,SEA/TCA WA CP-0024,2011-01-26,AFTERNOON,2PM - 4PM,580.34,120,Wednesday
13604,SEA/TCA WA CP-0024,2011-01-26,BREAKFAST,Open - 10:30AM (11AM weekend),728.32,174,Wednesday
13604,SEA/TCA WA CP-0024,2011-01-26,DINNER,4PM - 9PM,1174.89,207,Wednesday
13604,SEA/TCA WA CP-0024,2011-01-26,EVENING,9PM - Close,108.28,20,Wednesday
13604,SEA/TCA WA CP-0024,2011-01-26,LATE NIGHT,11PM - 5AM,0.0,0,Wednesday
13604,SEA/TCA WA CP-0024,2011-01-26,LUNCH,11AM -  2PM,914.81,196,Wednesday
13604,SEA/TCA WA CP-0024,2011-01-26,MORNING,Open - 11AM,791.35,192,Wednesday
13604,SEA/TCA WA CP-0024,2011-01-26,REGULAR MENU,10:30AM (11AM weekend) - Close,2841.35,561,Wednesday
13604,SEA/TCA WA CP-0024,2011-01-26,TOTAL DAY,All hours,3569.67,735,Wednesday
13604,SEA/TCA WA CP-0024,2011-01-27,AFTER 4PM,4PM - Close,1819.01,303,Thursday
13604,SEA/TCA WA CP-0024,2011-01-27,AFTERNOON,2PM - 4PM,625.52,134,Thursday
13604,SEA/TCA WA CP-0024,2011-01-27,BREAKFAST,Open - 10:30AM (11AM weekend),743.38,172,Thursday
13604,SEA/TCA WA CP-0024,2011-01-27,DINNER,4PM - 9PM,1597.1,258,Thursday
13604,SEA/TCA WA CP-0024,2011-01-27,EVENING,9PM - Close,221.91,45,Thursday
13604,SEA/TCA WA CP-0024,2011-01-27,LATE NIGHT,11PM - 5AM,0.0,0,Thursday
13604,SEA/TCA WA CP-0024,2011-01-27,LUNCH,11AM -  2PM,1178.92,212,Thursday
13604,SEA/TCA WA CP-0024,2011-01-27,MORNING,Open - 11AM,818.04,191,Thursday
13604,SEA/TCA WA CP-0024,2011-01-27,REGULAR MENU,10:30AM (11AM weekend) - Close,3698.11,668,Thursday
13604,SEA/TCA WA CP-0024,2011-01-27,TOTAL DAY,All hours,4441.49,840,Thursday
13604,SEA/TCA WA CP-0024,2011-01-28,AFTER 4PM,4PM - Close,1666.03,278,Friday
13604,SEA/TCA WA CP-0024,2011-01-28,AFTERNOON,2PM - 4PM,484.91,103,Friday
13604,SEA/TCA WA CP-0024,2011-01-28,BREAKFAST,Open - 10:30AM (11AM weekend),738.77,173,Friday
13604,SEA/TCA WA CP-0024,2011-01-28,DINNER,4PM - 9PM,1332.1,226,Friday
13604,SEA/TCA WA CP-0024,2011-01-28,EVENING,9PM - Close,333.93,52,Friday
13604,SEA/TCA WA CP-0024,2011-01-28,LATE NIGHT,11PM - 5AM,0.0,0,Friday
13604,SEA/TCA WA CP-0024,2011-01-28,LUNCH,11AM -  2PM,1172.84,185,Friday
13604,SEA/TCA WA CP-0024,2011-01-28,MORNING,Open - 11AM,799.79,185,Friday
13604,SEA/TCA WA CP-0024,2011-01-28,REGULAR MENU,10:30AM (11AM weekend) - Close,3384.8,578,Friday
13604,SEA/TCA WA CP-0024,2011-01-28,TOTAL DAY,All hours,4123.57,751,Friday
13604,SEA/TCA WA CP-0024,2011-01-29,AFTER 4PM,4PM - Close,1435.04,241,Saturday
13604,SEA/TCA WA CP-0024,2011-01-29,AFTERNOON,2PM - 4PM,787.51,124,Saturday
13604,SEA/TCA WA CP-0024,2011-01-29,BREAKFAST,Open - 10:30AM (11AM weekend),1088.59,208,Saturday
13604,SEA/TCA WA CP-0024,2011-01-29,DINNER,4PM - 9PM,1219.65,204,Saturday
13604,SEA/TCA WA CP-0024,2011-01-29,EVENING,9PM - Close,215.39,37,Saturday
13604,SEA/TCA WA CP-0024,2011-01-29,LATE NIGHT,11PM - 5AM,0.0,0,Saturday
13604,SEA/TCA WA CP-0024,2011-01-29,LUNCH,11AM -  2PM,1367.37,215,Saturday
13604,SEA/TCA WA CP-0024,2011-01-29,MORNING,Open - 11AM,1088.59,208,Saturday
13604,SEA/TCA WA CP-0024,2011-01-29,REGULAR MENU,10:30AM (11AM weekend) - Close,3589.92,580,Saturday
13604,SEA/TCA WA CP-0024,2011-01-29,TOTAL DAY,All hours,4678.51,788,Saturday
13604,SEA/TCA WA CP-0024,2011-01-30,AFTER 4PM,4PM - Close,551.64,84,Sunday
13604,SEA/TCA WA CP-0024,2011-01-30,AFTERNOON,2PM - 4PM,650.31,94,Sunday
13604,SEA/TCA WA CP-0024,2011-01-30,BREAKFAST,Open - 10:30AM (11AM weekend),907.15,160,Sunday
13604,SEA/TCA WA CP-0024,2011-01-30,DINNER,4PM - 9PM,551.64,84,Sunday
13604,SEA/TCA WA CP-0024,2011-01-30,EVENING,9PM - Close,0.0,0,Sunday
13604,SEA/TCA WA CP-0024,2011-01-30,LATE NIGHT,11PM - 5AM,0.0,0,Sunday
13604,SEA/TCA WA CP-0024,2011-01-30,LUNCH,11AM -  2PM,917.64,149,Sunday
13604,SEA/TCA WA CP-0024,2011-01-30,MORNING,Open - 11AM,907.15,160,Sunday
13604,SEA/TCA WA CP-0024,2011-01-30,REGULAR MENU,10:30AM (11AM weekend) - Close,2119.59,327,Sunday
13604,SEA/TCA WA CP-0024,2011-01-30,TOTAL DAY,All hours,3026.74,487,Sunday
